first_name,second_name,goals_scored,assists,total_points,minutes,goals_conceded,creativity,influence,threat,bonus,bps,ict_index,clean_sheets,red_cards,yellow_cards,selected_by_percent,now_cost,element_type
Granit,Xhaka,7,8,153,2992,35,673.3,647.0,498.0,15,634,182.0,13,0,4,2.7,48,MF
Mohamed,Elneny,0,0,6,111,2,5.4,4.6,0.0,0,27,1.1,0,0,0,0.6,41,MF
Rob,Holding,1,0,21,562,13,10.3,152.0,54.0,0,120,21.6,0,0,0,0.2,42,DF
Thomas,Partey,3,0,86,2480,28,439.6,513.2,240.0,6,468,119.5,11,0,5,0.4,47,MF
Martin,Ødegaard,15,8,212,3132,38,1100.4,960.0,920.0,30,813,298.3,13,0,4,33.3,69,MF
Kieran,Tierney,0,1,37,774,10,85.5,144.0,67.0,0,164,29.9,1,0,0,0.8,46,DF
Nicolas,Pépé,0,0,0,0,0,0.0,0.0,0.0,0,0,0.0,0,0,0,0.1,53,MF
Benjamin,White,2,5,156,3054,35,491.2,649.0,159.0,12,734,130.0,15,0,5,16.1,50,DF
Eddie,Nketiah,4,2,63,1071,16,128.2,213.4,598.0,5,161,93.1,2,0,3,1.8,63,FW
Emile,Smith Rowe,0,2,18,161,5,64.3,36.6,39.0,0,60,13.8,0,0,0,0.4,56,MF
Bukayo,Saka,14,12,202,3183,42,1091.8,972.2,1164.0,19,678,322.8,12,0,6,25.6,80,MF
Takehiro,Tomiyasu,0,1,32,651,11,86.6,137.0,55.0,0,173,27.7,2,0,2,0.5,42,DF
Aaron,Ramsdale,0,0,143,3420,43,0.0,761.4,0.0,9,664,76.2,14,0,1,11.4,48,GK
Gabriel,dos Santos Magalhães,3,0,146,3409,43,129.7,733.8,401.0,15,723,126.5,14,0,5,13.4,52,DF
Nuno,Varela Tavares,0,0,0,0,0,0.0,0.0,0.0,0,0,0.0,0,0,0,0.0,45,DF
Gabriel,Martinelli Silva,15,9,198,2789,33,838.1,844.2,1300.0,18,648,298.1,14,0,3,26.3,65,MF
Pablo,Marí Villar,0,0,0,0,0,0.0,0.0,0.0,0,0,0.0,0,0,0,0.0,45,DF
Lucas,Torreira di Pascua,0,0,0,0,0,0.0,0.0,0.0,0,0,0.0,0,0,0,0.1,45,MF
Reiss,Nelson,3,3,42,202,3,99.2,169.8,155.0,5,127,42.4,1,0,0,0.0,47,MF
Matt,Turner,0,0,0,0,0,0.0,0.0,0.0,0,0,0.0,0,0,0,1.4,38,GK
Fábio,Ferreira Vieira,1,2,40,500,5,180.1,115.2,123.0,2,134,41.4,2,0,0,0.1,56,MF
William,Saliba,2,1,117,2415,25,100.8,529.0,114.0,14,571,74.5,12,0,4,15.6,49,DF
Marcus,Oliveira Alencar,0,0,1,1,0,0.2,0.0,0.0,0,3,0.0,0,0,0,0.1,46,MF
Gabriel,Fernando de Jesus,11,7,125,2064,23,407.3,594.2,1282.0,17,401,228.3,9,0,6,28.3,81,FW
Leandro,Trossard,8,13,154,2237,38,687.1,620.0,859.0,8,494,216.6,8,0,1,7.2,66,MF
Jorge Luiz,Frello Filho,2,2,79,2127,23,254.1,386.4,97.0,5,379,73.9,9,0,4,1.9,57,MF
Oleksandr,Zinchenko,1,2,99,2122,28,387.7,405.0,190.0,8,500,98.3,10,0,3,9.0,50,DF
Matthew,Smith,0,0,0,0,0,0.0,0.0,0.0,0,0,0.0,0,0,0,0.1,44,MF
Ethan,Nwaneri,0,0,1,1,0,0.0,0.0,0.0,0,3,0.0,0,0,0,0.0,45,MF
Lino,Sousa,0,0,0,0,0,0.0,0.0,0.0,0,0,0.0,0,0,0,0.1,40,DF
Karl,Hein,0,0,0,0,0,0.0,0.0,0.0,0,0,0.0,0,0,0,0.0,39,GK
Amario,Cozier-Duberry,0,0,0,0,0,0.0,0.0,0.0,0,0,0.0,0,0,0,0.0,45,MF
Nathan,Butler-Oyedeji,0,0,0,0,0,0.0,0.0,0.0,0,0,0.0,0,0,0,0.0,45,FW
Jakub,Kiwior,1,0,26,425,6,4.1,53.6,4.0,1,111,6.3,2,0,0,0.3,40,DF
Reuell,Walters,0,0,0,0,0,0.0,0.0,0.0,0,0,0.0,0,0,0,0.0,40,DF
Mauro,Bandeira,0,0,0,0,0,0.0,0.0,0.0,0,0,0.0,0,0,0,0.0,45,MF
Philippe,Coutinho Correia,1,0,32,777,9,152.5,119.2,218.0,1,98,48.8,3,0,3,2.9,66,MF
Emiliano,Martínez Romero,0,0,135,3139,38,23.0,813.0,0.0,15,678,83.5,11,0,7,6.6,50,GK
Calum,Chambers,0,0,13,345,4,29.8,74.4,8.0,0,67,11.1,0,0,2,0.2,42,DF
Lucas,Digne,1,0,50,1492,25,293.3,271.4,92.0,4,234,65.8,3,0,5,1.2,45,DF
Bertrand,Traoré,2,0,20,226,1,30.7,82.0,79.0,1,57,19.0,1,0,1,0.1,49,MF
Robin,Olsen,0,0,10,280,8,0.0,83.2,0.0,1,62,8.2,1,0,0,1.4,39,GK
Morgan,Sanson,0,0,2,10,1,0.5,4.2,0.0,0,6,0.4,0,0,0,0.2,43,MF
John,McGinn,1,5,90,2692,31,349.2,375.0,326.0,3,354,105.1,10,0,7,0.6,51,MF
Kortney,Hause,0,0,0,0,0,0.0,0.0,0.0,0,0,0.0,0,0,0,0.0,44,DF
Tyrone,Mings,1,3,130,3150,40,87.7,657.2,121.0,17,617,87.0,12,0,7,12.5,47,DF
Ollie,Watkins,15,8,175,3129,40,408.5,792.0,1268.0,25,550,247.0,13,0,4,12.8,73,FW
Marvelous,Nakamba,0,0,0,0,0,0.0,0.0,0.0,0,0,0.0,0,0,0,0.1,43,MF
Emiliano,Buendía Stati,5,3,117,2404,34,546.3,438.2,580.0,8,370,156.6,11,0,0,0.7,57,MF
Matty,Cash,0,2,57,1817,29,178.0,298.4,67.0,3,311,54.4,4,0,4,3.1,46,DF
Ezri,Konsa Ngoyo,0,0,110,3322,45,116.1,560.4,72.0,6,633,74.9,12,0,6,1.0,44,DF
Leon,Bailey,4,5,100,1964,32,439.1,334.2,532.0,6,242,130.1,8,0,4,2.7,43,MF
Douglas Luiz,Soares de Paulo,6,7,142,2922,35,655.4,661.6,242.0,17,594,155.8,13,1,6,1.0,48,MF
Jacob,Ramsey,6,8,135,2634,33,496.7,607.2,424.0,13,470,152.8,11,0,5,1.5,51,MF
Tim,Iroegbunam,0,0,0,0,0,0.0,0.0,0.0,0,0,0.0,0,0,0,0.0,45,MF
Diego Carlos,Santos Silva,0,0,4,205,3,13.2,24.8,32.0,0,20,7.0,0,0,0,0.2,47,DF
Anwar,El Ghazi,0,0,0,0,0,0.0,0.0,0.0,0,0,0.0,0,0,0,0.0,48,MF
Keinan,Davis,0,0,0,0,0,0.0,0.0,0.0,0,0,0.0,0,0,0,0.0,54,FW
Boubacar,Kamara,0,1,44,1773,30,123.4,275.8,39.0,0,235,43.9,3,0,4,0.1,48,MF
Cameron,Archer,0,0,6,43,1,2.4,1.8,6.0,0,13,0.9,0,0,0,1.7,42,FW
Jaden,Philogene-Bidace,0,0,0,0,0,0.0,0.0,0.0,0,0,0.0,0,0,0,0.0,45,MF
Frédéric,Guilbert,0,0,0,0,0,0.0,0.0,0.0,0,0,0.0,0,0,0,0.6,39,DF
Leander,Dendoncker,0,0,37,897,14,96.1,143.4,64.0,0,163,30.6,4,0,0,0.1,47,MF
Ludwig,Augustinsson,0,0,2,76,0,1.9,5.6,35.0,0,5,4.2,0,0,1,0.0,43,DF
Kaine,Kesler Hayden,0,0,0,0,0,0.0,0.0,0.0,0,0,0.0,0,0,0,0.0,40,DF
Ashley,Young,1,0,87,2031,28,223.4,380.2,81.0,8,388,68.7,9,0,7,0.8,43,DF
Lamare,Bogarde,0,0,0,0,0,0.0,0.0,0.0,0,0,0.0,0,0,0,0.0,40,DF
Filip,Marschall,0,0,0,0,0,0.0,0.0,0.0,0,0,0.0,0,0,0,0.0,40,GK
Kadan,Young,0,0,0,0,0,0.0,0.0,0.0,0,0,0.0,0,0,0,0.0,45,MF
Alexandre,Moreno Lopera,0,3,72,1325,10,321.1,254.4,151.0,5,278,72.3,7,0,3,2.1,45,DF
Viljami,Sinisalo,0,0,0,0,0,0.0,0.0,0.0,0,0,0.0,0,0,0,0.0,40,GK
Jhon,Durán,0,0,11,126,4,13.4,12.8,51.0,0,15,7.4,0,0,1,0.0,55,FW
Sil,Swinkels,0,0,0,0,0,0.0,0.0,0.0,0,0,0.0,0,0,0,0.0,40,DF
Oliwier,Zych,0,0,0,0,0,0.0,0.0,0.0,0,0,0.0,0,0,0,0.0,40,GK
James,Wright,0,0,0,0,0,0.0,0.0,0.0,0,0,0.0,0,0,0,0.0,40,GK
Sebastian,Revan,0,0,0,0,0,0.0,0.0,0.0,0,0,0.0,0,0,0,0.0,40,DF
Travis,Patterson,0,0,0,0,0,0.0,0.0,0.0,0,0,0.0,0,0,0,0.0,45,MF
Tommi,O'Reilly,0,0,0,0,0,0.0,0.0,0.0,0,0,0.0,0,0,0,0.0,45,MF
Adam,Smith,0,1,74,2940,58,261.6,406.2,88.0,5,400,75.7,7,0,11,0.2,43,DF
Junior,Stanislas,0,0,4,58,1,22.9,10.0,7.0,0,13,3.9,0,0,0,0.0,48,MF
Ryan,Fredericks,0,0,12,527,11,26.7,66.0,12.0,0,63,10.6,0,0,1,0.0,44,DF
David,Brooks,0,0,5,170,4,16.4,13.6,31.0,0,7,6.0,0,0,1,0.0,53,MF
Jamal,Lowe,0,0,2,11,0,0.3,0.2,0.0,0,6,0.1,0,0,0,0.0,52,MF
Kieffer,Moore,4,0,57,1269,34,89.6,216.2,272.0,3,161,57.3,3,0,1,0.7,49,FW
Emiliano,Marcondes,0,0,1,8,1,0.0,1.2,0.0,0,3,0.1,0,0,0,0.0,47,MF
Jefferson,Lerma Solís,5,0,101,3252,67,293.6,616.6,311.0,5,500,122.1,7,0,7,0.5,47,MF
Jack,Stacey,0,0,6,293,10,8.6,44.2,8.0,0,36,6.0,0,0,2,0.0,42,DF
Dominic,Solanke,6,10,130,2865,52,279.9,524.8,1046.0,14,339,184.4,8,0,2,3.6,56,FW
Lewis,Cook,0,2,51,1712,39,352.5,313.0,45.0,1,280,71.2,3,0,4,0.1,49,MF
Ben,Pearson,0,0,9,282,10,6.4,21.0,9.0,0,32,3.7,1,0,1,0.1,44,MF
Ryan,Christie,1,2,64,1825,35,421.7,282.0,400.0,2,225,110.5,3,0,2,0.1,53,MF
Philip,Billing,7,2,126,2766,54,388.8,622.0,441.0,14,475,145.2,9,0,5,0.9,50,MF
Chris,Mepham,0,0,43,2197,52,54.4,556.4,134.0,6,369,74.4,5,0,7,0.1,43,DF
Mark,Travers,0,0,28,1035,32,0.0,253.0,0.0,1,193,25.4,2,0,0,0.4,41,GK
Lloyd,Kelly,0,2,60,2040,38,97.7,394.0,26.0,5,372,52.1,5,0,3,0.5,43,DF
Siriki,Dembélé,0,0,6,104,2,52.3,31.8,28.0,0,20,11.3,0,0,0,0.1,47,MF
Jaidon,Anthony,3,1,61,1241,29,209.1,299.4,263.0,4,193,77.2,2,0,2,0.1,52,MF
Jordan,Zemura,0,1,47,1452,31,232.8,269.4,71.0,1,235,57.1,5,0,1,0.1,42,DF
Will,Dennis,0,0,0,0,0,0.0,0.0,0.0,0,0,0.0,0,0,0,0.4,39,GK
Jack,Stephens,0,0,35,1218,24,57.3,270.0,51.0,1,233,38.0,4,0,3,0.0,43,DF
Joe,Rothwell,0,1,33,1010,15,153.3,127.4,27.0,0,167,30.6,3,0,1,0.0,49,MF
Marcus,Tavernier,5,4,94,1740,37,348.4,459.8,436.0,12,315,124.2,5,0,1,0.2,47,MF
James,Hill,0,0,0,0,0,0.0,0.0,0.0,0,0,0.0,0,0,0,0.0,44,DF
Darren,Randolph,0,0,0,0,0,0.0,0.0,0.0,0,0,0.0,0,0,0,0.1,40,GK
Norberto,Murara Neto,0,0,93,2385,39,0.0,727.6,0.0,9,510,72.8,6,0,4,0.6,45,GK
Marcos,Senesi,2,0,69,2489,55,78.7,586.0,109.0,5,462,77.5,5,0,7,0.2,44,DF
Christian,Saydee,0,0,0,0,0,0.0,0.0,0.0,0,0,0.0,0,0,0,0.0,45,FW
Owen,Bevan,0,0,1,8,1,0.0,0.2,0.0,0,3,0.0,0,0,0,0.0,40,DF
Cameron,Plain,0,0,0,0,0,0.0,0.0,0.0,0,0,0.0,0,0,0,0.0,40,GK
Daniel,Adu-Adjei,0,0,0,0,0,0.0,0.0,0.0,0,0,0.0,0,0,0,0.0,45,FW
Michael,Dacosta Gonzalez,0,0,0,0,0,0.0,0.0,0.0,0,0,0.0,0,0,0,0.0,44,MF
Dominic,Sadi,0,0,0,0,0,0.0,0.0,0.0,0,0,0.0,0,0,0,0.0,45,FW
Dango,Ouattara,1,3,49,1239,23,261.0,276.8,274.0,4,163,81.0,1,0,1,0.0,50,MF
Euan,Pollock,0,0,0,0,0,0.0,0.0,0.0,0,0,0.0,0,0,0,0.0,45,FW
Antoine,Semenyo,1,0,18,250,6,26.5,50.0,32.0,1,56,10.7,0,0,0,0.0,50,FW
Matías,Viña,2,0,28,452,10,28.1,156.4,92.0,0,93,27.7,1,0,1,0.1,45,DF
Illia,Zabarnyi,0,0,7,297,5,0.9,41.2,0.0,0,54,4.1,0,0,0,0.0,45,DF
Hamed,Traorè,0,0,14,425,8,218.5,84.0,36.0,0,60,33.8,2,0,0,0.0,45,MF
Ben,Greenwood,0,0,0,0,0,0.0,0.0,0.0,0,0,0.0,0,0,0,0.0,40,DF
Max,Kinsey-Wellings,0,0,0,0,0,0.0,0.0,0.0,0,0,0.0,0,0,0,0.0,40,DF
Pontus,Jansson,1,0,29,722,14,2.5,176.2,53.0,0,147,23.4,2,0,0,0.3,42,DF
Christian,Nørgaard,1,6,71,1763,23,173.7,379.2,269.0,6,309,82.3,6,0,6,0.2,53,MF
Ivan,Toney,20,4,182,2953,42,424.3,926.8,1240.0,35,607,258.7,10,0,9,18.2,71,FW
David,Raya Martin,0,0,166,3420,46,20.1,1125.4,4.0,20,822,115.2,12,0,1,14.4,48,GK
Sergi,Canós Tenés,0,0,5,73,2,13.5,7.0,6.0,0,14,2.8,0,0,0,0.1,50,DF
Josh,Dasilva,4,2,81,1371,17,206.1,304.2,182.0,3,274,69.2,5,0,1,3.8,41,MF
Kristoffer,Ajer,0,0,29,763,14,24.7,96.8,27.0,0,129,15.1,4,0,0,0.1,45,DF
Rico,Henry,0,3,112,3240,46,401.9,444.4,197.0,4,505,104.5,11,0,4,2.6,44,DF
Vitaly,Janelt,3,1,85,2201,28,246.1,411.2,223.0,5,357,88.1,8,0,3,0.1,55,MF
Saman,Ghoddos,0,0,15,124,5,62.8,27.2,21.0,0,53,11.1,0,0,0,0.0,48,MF
Mathias,Jensen,5,7,132,2805,40,787.9,644.0,208.0,11,498,164.1,10,0,5,1.8,48,MF
Yoane,Wissa,7,4,111,1587,17,184.5,363.8,414.0,6,292,95.5,7,0,3,0.3,53,MF
Mads,Roerslev Rasmussen,0,0,48,1101,12,120.6,167.6,46.0,0,201,33.4,5,0,0,0.1,43,DF
Mads,Bech Sørensen,0,0,4,18,0,0.2,2.6,0.0,0,12,0.2,0,0,0,0.0,45,DF
Ethan,Pinnock,3,0,112,2700,34,104.9,751.6,279.0,6,575,113.8,10,0,0,0.9,44,DF
Frank,Onyeka,0,3,38,837,11,89.9,125.8,106.0,0,111,32.3,3,0,0,0.0,48,MF
Shandon,Baptiste,0,2,29,600,6,144.5,107.8,54.0,0,123,30.7,1,1,1,0.2,45,MF
Bryan,Mbeumo,9,9,150,2905,39,766.3,662.4,866.0,19,556,229.3,10,0,5,4.0,57,FW
Charlie,Goode,0,0,0,0,0,0.0,0.0,0.0,0,0,0.0,0,0,0,0.4,39,DF
Marcus,Forss,0,0,0,0,0,0.0,0.0,0.0,0,0,0.0,0,0,0,0.0,45,FW
Dominic,Thompson,0,0,0,0,0,0.0,0.0,0.0,0,0,0.0,0,0,0,0.0,40,DF
Mads,Bidstrup,0,0,0,0,0,0.0,0.0,0.0,0,0,0.0,0,0,0,0.0,45,MF
Ellery,Balcombe,0,0,0,0,0,0.0,0.0,0.0,0,0,0.0,0,0,0,0.0,40,GK
Aaron,Hickey,0,3,63,1918,30,119.8,223.6,98.0,2,310,44.2,5,0,7,0.3,49,DF
Keane,Lewis-Potter,0,1,14,313,4,64.0,42.0,114.0,0,37,21.9,0,0,0,0.0,52,MF
Thomas,Strakosha,0,0,0,0,0,0.0,0.0,0.0,0,0,0.0,0,0,0,0.1,43,GK
Ben,Mee,3,2,143,3269,40,92.0,761.4,307.0,11,643,116.3,12,0,2,14.4,48,DF
Fin,Stevens,0,0,0,0,0,0.0,0.0,0.0,0,0,0.0,0,0,0,0.1,40,DF
Halil,Dervişoğlu,0,1,4,6,0,0.0,0.0,10.0,0,11,1.0,0,0,0,0.5,45,FW
Mikkel,Damsgaard,0,0,33,970,14,161.0,137.4,146.0,0,131,44.5,3,0,4,0.1,50,MF
Mathias,Jorgensen,0,1,45,1097,15,18.2,189.8,45.0,4,191,25.6,4,0,2,0.9,39,DF
Ryan,Trevitt,0,0,0,0,0,0.0,0.0,0.0,0,0,0.0,0,0,0,0.0,44,MF
Matthew,Cox,0,0,0,0,0,0.0,0.0,0.0,0,0,0.0,0,0,0,0.0,39,GK
Tristan,Crama,0,0,0,0,0,0.0,0.0,0.0,0,0,0.0,0,0,0,0.0,40,DF
Yegor,Yarmolyuk,0,0,0,0,0,0.0,0.0,0.0,0,0,0.0,0,0,0,0.0,45,MF
Kevin,Schade,0,1,29,723,7,110.4,72.2,205.0,0,76,38.7,3,0,2,0.0,49,MF
Michael,Olakigbe,0,0,0,0,0,0.0,0.0,0.0,0,0,0.0,0,0,0,0.0,45,MF
Adam,Lallana,2,1,47,717,10,186.7,144.2,152.0,4,146,48.5,5,0,0,0.1,48,MF
Jason,Steele,0,1,65,1350,23,13.0,347.6,0.0,8,332,36.1,6,0,1,6.0,40,GK
Danny,Welbeck,6,5,91,1844,28,390.6,378.2,782.0,5,296,155.4,6,0,0,2.1,65,FW
Pascal,Groß,9,8,159,3240,51,1215.4,888.4,578.0,14,748,268.6,11,0,7,11.0,54,MF
Lewis,Dunk,1,1,112,3240,50,163.6,661.4,198.0,7,648,102.4,12,0,4,8.2,48,DF
Solly,March,6,10,147,2719,40,965.8,791.8,955.0,16,559,271.4,10,0,2,4.4,52,MF
Adam,Webster,0,0,75,1983,27,104.0,354.0,126.0,3,405,58.4,9,0,2,0.5,45,DF
Joël,Veltman,1,1,95,2183,29,200.8,406.2,162.0,6,447,77.2,10,0,6,2.4,46,DF
Robert,Sánchez,0,0,82,2070,30,0.1,439.0,0.0,10,380,43.9,6,0,2,7.6,44,GK
Tariq,Lamptey,0,0,23,439,7,87.2,70.6,48.0,0,91,20.6,1,0,1,0.9,42,DF
Steven,Alzate,0,0,0,0,0,0.0,0.0,0.0,0,0,0.0,0,0,0,0.1,44,MF
Alexis,Mac Allister,10,2,140,2882,45,729.6,741.0,706.0,18,567,217.8,10,0,8,14.7,56,MF
Jakub,Moder,0,0,0,0,0,0.0,0.0,0.0,0,0,0.0,0,0,0,0.0,44,MF
Enock,Mwepu,0,1,11,209,4,39.0,48.8,34.0,0,29,12.2,0,0,0,0.0,53,MF
Jeremy,Sarmiento Morante,0,2,16,168,2,38.2,46.6,50.0,0,40,12.9,1,0,1,0.0,45,MF
Moisés,Caicedo Corozo,1,1,79,3138,47,668.6,582.2,210.0,0,503,146.3,10,0,10,0.4,50,MF
Taylor,Richards,0,0,0,0,0,0.0,0.0,0.0,0,0,0.0,0,0,0,0.0,45,MF
Haydon,Roberts,0,0,0,0,0,0.0,0.0,0.0,0,0,0.0,0,0,0,0.0,40,DF
Deniz,Undav,5,2,52,614,9,105.7,157.6,333.0,4,173,59.5,2,0,2,0.8,50,FW
Kaoru,Mitoma,7,9,138,2311,35,567.6,566.8,857.0,11,457,198.9,8,0,0,27.3,57,MF
Julio,Enciso,4,3,57,794,12,161.0,255.8,370.0,7,189,78.5,4,0,1,2.4,46,FW
Kacper,Kozłowski,0,0,0,0,0,0.0,0.0,0.0,0,0,0.0,0,0,0,0.0,45,MF
Billy,Gilmour,0,1,21,502,8,56.5,67.6,33.0,0,105,15.8,2,0,1,0.4,42,MF
Kjell,Scherpen,0,0,0,0,0,0.0,0.0,0.0,0,0,0.0,0,0,0,0.0,40,GK
Matt,Clarke,0,0,0,0,0,0.0,0.0,0.0,0,0,0.0,0,0,0,0.1,40,DF
Jan Paul,van Hecke,0,0,6,291,7,5.5,62.8,10.0,0,54,7.9,0,0,2,0.3,40,DF
Levi,Colwill,0,2,46,1218,21,100.7,222.0,50.0,6,249,37.4,3,0,1,0.2,44,DF
Pervis,Estupiñán,1,7,128,2674,43,752.9,570.2,295.0,15,593,161.3,10,0,4,20.5,50,DF
Evan,Ferguson,6,2,65,942,12,129.1,284.2,350.0,8,213,76.5,6,0,1,1.7,46,FW
Ed,Turns,0,0,0,0,0,0.0,0.0,0.0,0,0,0.0,0,0,0,0.0,40,DF
Andrew,Moran,0,0,1,11,1,0.0,0.0,0.0,0,3,0.0,0,0,0,0.0,45,MF
James,Furlong,0,0,0,0,0,0.0,0.0,0.0,0,0,0.0,0,0,0,0.0,40,DF
Jack,Hinshelwood,0,0,1,1,0,0.0,0.0,0.0,0,3,0.0,0,0,0,0.0,45,MF
Facundo,Buonanotte,1,1,26,558,12,96.1,87.8,102.0,2,72,27.8,1,0,2,0.1,45,MF
Yasin,Ayari,0,0,3,65,2,25.3,5.4,3.0,0,14,3.3,0,0,0,0.0,45,MF
Odeluga,Offiah,0,0,1,23,3,1.5,6.2,0.0,0,10,0.8,0,0,0,0.0,40,DF
Tom,McGill,0,0,0,0,0,0.0,0.0,0.0,0,0,0.0,0,0,0,0.0,40,GK
Cameron,Peupion,0,0,1,5,2,0.3,0.0,5.0,0,3,0.5,0,0,0,0.0,45,MF
Imari,Samuels,0,0,0,0,0,0.0,0.0,0.0,0,0,0.0,0,0,0,0.0,40,DF
Carney,Chukwuemeka,0,0,18,342,7,69.7,57.6,72.0,0,71,19.9,1,0,0,0.3,42,MF
Marc,Cucurella Saseta,0,2,65,1669,20,232.5,354.4,72.0,1,363,65.9,6,0,4,5.0,49,DF
César,Azpilicueta,0,0,45,1521,21,206.7,259.2,93.0,4,242,55.8,3,0,3,1.2,47,DF
Thiago,Emiliano da Silva,0,2,80,2351,32,86.1,657.2,137.0,8,524,88.0,6,0,2,5.7,54,DF
Marcos,Alonso,0,0,0,0,0,0.0,0.0,0.0,0,0,0.0,0,0,0,0.7,53,DF
Ross,Barkley,0,0,0,0,0,0.0,0.0,0.0,0,0,0.0,0,0,0,0.0,49,MF
Mateo,Kovacic,1,2,53,1699,25,363.8,294.2,114.0,2,289,77.5,4,0,8,0.3,49,MF
Kepa,Arrizabalaga,0,0,118,2565,33,0.1,706.2,0.0,15,575,70.6,9,0,1,6.4,45,GK
N'Golo,Kanté,0,1,18,517,7,186.9,107.0,58.0,1,120,35.2,2,0,1,1.1,48,MF
Hakim,Ziyech,0,3,33,649,7,230.9,155.4,113.0,0,129,49.0,2,0,1,0.4,55,MF
Ruben,Loftus-Cheek,0,1,46,1530,23,234.8,206.6,173.0,1,228,61.6,5,0,1,0.1,50,MF
Timo,Werner,0,0,0,0,0,0.0,0.0,0.0,0,0,0.0,0,0,0,0.2,79,FW
Robert Kenedy,Nunes do Nascimento,0,0,0,0,0,0.0,0.0,0.0,0,0,0.0,0,0,0,0.2,39,DF
Ben,Chilwell,2,3,70,1402,19,382.6,283.4,178.0,4,302,84.2,4,0,3,3.1,56,DF
Christian,Pulisic,1,1,39,805,11,166.7,117.2,210.0,0,102,49.1,3,0,1,0.4,56,MF
Trevoh,Chalobah,0,0,49,1601,24,93.5,283.6,108.0,1,318,48.7,5,0,4,0.6,44,DF
Mason,Mount,3,4,82,1644,21,463.1,331.4,376.0,8,277,117.2,8,0,4,3.4,72,MF
Malang,Sarr,0,0,0,0,0,0.0,0.0,0.0,0,0,0.0,0,0,0,0.0,50,DF
Callum,Hudson-Odoi,0,0,0,0,0,0.0,0.0,0.0,0,0,0.0,0,0,0,0.0,53,MF
Kai,Havertz,7,1,102,2565,31,513.3,470.2,1012.0,13,301,199.3,9,0,5,3.2,74,FW
Reece,James,1,2,44,1242,17,358.2,292.2,153.0,5,286,80.4,2,0,4,10.7,58,DF
Edouard,Mendy,0,0,24,855,14,0.0,200.4,0.0,0,132,20.2,1,0,1,5.8,48,GK
Conor,Gallagher,3,1,66,1608,23,343.5,379.8,321.0,7,279,104.3,4,1,9,0.7,56,MF
Armando,Broja,1,1,21,285,5,18.2,64.6,113.0,0,56,19.7,1,0,0,0.3,52,FW
Ethan,Ampadu,0,0,0,0,0,0.0,0.0,0.0,0,0,0.0,0,0,0,0.0,44,DF
Wesley,Fofana,1,0,37,1362,24,59.0,289.2,86.0,4,244,43.8,2,0,4,1.0,43,DF
Raheem,Sterling,6,4,101,1886,27,479.8,388.2,603.0,9,274,146.8,5,0,4,3.4,97,MF
Kalidou,Koulibaly,2,1,74,1798,22,104.1,497.4,141.0,8,408,74.5,6,1,5,5.4,55,DF
Harvey,Vale,0,0,0,0,0,0.0,0.0,0.0,0,0,0.0,0,0,0,0.0,45,MF
Denis,Zakaria,0,0,13,409,5,22.6,44.6,24.0,0,47,9.2,2,0,0,0.0,49,MF
Pierre-Emerick,Aubameyang,1,0,25,546,8,59.4,55.0,177.0,3,61,28.5,1,0,1,0.7,84,FW
Marcus,Bettinelli,0,0,0,0,0,0.0,0.0,0.0,0,0,0.0,0,0,0,0.0,40,GK
Omari,Hutchinson,0,0,1,22,0,1.8,1.0,4.0,0,2,0.7,0,0,0,0.0,42,MF
Lewis,Hall,0,0,19,653,11,174.3,113.2,119.0,3,118,40.7,1,0,1,0.0,43,MF
Bashir,Humphreys,0,0,0,0,0,0.0,0.0,0.0,0,0,0.0,0,0,0,0.0,45,DF
David Datro,Fofana,0,0,3,68,1,34.6,15.2,30.0,0,8,8.0,0,0,0,0.1,50,FW
Benoît,Badiashile,1,0,40,904,9,49.1,219.8,81.0,2,209,35.1,4,0,2,0.4,50,DF
João,Félix Sequeira,4,0,44,936,16,135.2,203.6,287.0,7,126,61.9,2,1,1,1.7,71,FW
Mykhailo,Mudryk,0,2,25,650,10,146.4,100.8,140.0,0,73,38.2,0,0,1,0.8,64,MF
Andrey,Nascimento dos Santos,0,0,0,0,0,0.0,0.0,0.0,0,0,0.0,0,0,0,0.0,45,MF
Noni,Madueke,1,0,26,639,13,131.9,130.8,182.0,2,105,44.6,0,0,0,0.1,54,MF
Enzo,Fernández,0,2,42,1547,25,307.3,298.2,64.0,1,265,67.1,3,0,3,0.8,50,MF
Ethan,Wady,0,0,0,0,0,0.0,0.0,0.0,0,0,0.0,0,0,0,0.0,40,GK
Alfie,Gilchrist,0,0,0,0,0,0.0,0.0,0.0,0,0,0.0,0,0,0,0.0,40,DF
Albert,Sambi Lokonga,0,0,23,728,8,57.2,98.4,20.0,0,129,17.6,2,0,2,0.2,43,MF
Vicente,Guaita,0,0,99,2430,34,0.0,668.4,0.0,10,484,66.8,6,0,1,1.4,44,GK
James,Tomkins,1,0,8,335,10,1.1,90.0,54.0,1,50,14.6,0,1,1,0.8,39,DF
James,McArthur,0,0,4,50,0,1.7,6.8,0.0,0,13,0.9,0,0,0,0.0,48,MF
Christian,Benteke,0,0,0,0,0,0.0,0.0,0.0,0,0,0.0,0,0,0,0.1,55,FW
Joel,Ward,1,0,78,2253,35,164.3,436.2,114.0,5,403,71.6,8,0,6,0.4,44,DF
Nathaniel,Clyne,0,0,44,1638,23,124.9,203.6,8.0,0,246,33.6,3,0,3,0.1,45,DF
Luka,Milivojevic,0,0,23,500,7,43.6,69.2,17.0,0,80,12.7,2,0,2,0.3,42,MF
Jordan,Ayew,4,3,104,2708,41,465.5,490.8,429.0,4,332,138.7,8,0,5,0.4,52,MF
Wilfried,Zaha,7,2,95,2289,34,384.8,465.4,848.0,6,216,169.4,5,0,5,6.7,72,MF
Jeffrey,Schlupp,3,2,89,2528,38,257.6,404.6,314.0,2,324,97.9,9,0,7,0.1,47,MF
Will,Hughes,1,1,41,822,11,102.1,153.2,57.0,3,152,31.0,1,0,4,0.0,48,MF
Jairo,Riedewald,0,0,6,60,0,2.6,9.8,4.0,0,19,1.5,0,0,0,0.0,42,MF
Joachim,Andersen,1,0,80,2782,37,146.3,641.8,273.0,1,483,106.4,8,0,8,1.6,45,DF
Odsonne,Edouard,5,2,82,1788,25,227.7,351.6,544.0,5,225,111.5,5,0,3,2.0,50,FW
Marc,Guéhi,1,0,95,3330,46,142.7,688.2,205.0,2,623,103.9,9,0,8,2.5,45,DF
Jean-Philippe,Mateta,2,0,41,748,10,67.1,115.8,240.0,3,96,41.0,3,0,3,0.3,51,FW
Eberechi,Eze,10,5,159,2631,35,800.4,692.8,597.0,21,580,208.9,9,0,3,12.8,57,MF
Tyrick,Mitchell,0,2,93,2889,40,234.0,470.4,135.0,7,476,84.3,8,1,5,1.0,44,DF
Michael,Olise,2,11,132,2743,38,1014.6,606.6,462.0,15,517,208.8,8,0,2,1.8,53,MF
Jesurun,Rak-Sakyi,0,0,0,0,0,0.0,0.0,0.0,0,0,0.0,0,0,0,0.0,45,MF
Malcolm,Ebiowei,0,0,3,31,1,0.9,3.4,4.0,0,9,0.9,0,0,0,0.2,42,MF
Nathan,Ferguson,0,0,0,0,0,0.0,0.0,0.0,0,0,0.0,0,0,0,0.2,39,DF
Sam,Johnstone,0,0,36,810,10,0.0,155.0,0.0,5,159,15.6,3,0,1,1.1,44,GK
Remi,Matthews,0,0,0,0,0,0.0,0.0,0.0,0,0,0.0,0,0,0,0.0,40,GK
Luke,Plange,0,0,0,0,0,0.0,0.0,0.0,0,0,0.0,0,0,0,0.2,45,FW
Cheick,Doucouré,0,3,74,2770,41,345.8,471.4,157.0,3,411,97.6,7,1,8,0.1,50,MF
Chris,Richards,0,0,13,443,11,15.3,92.4,26.0,0,83,13.2,1,0,0,0.1,44,DF
Joseph,Whitworth,0,0,3,180,5,0.0,41.8,0.0,0,28,4.2,0,0,0,0.1,40,GK
Kaden,Rodney,0,0,0,0,0,0.0,0.0,0.0,0,0,0.0,0,0,0,0.0,45,MF
Killian,Phillips,0,0,0,0,0,0.0,0.0,0.0,0,0,0.0,0,0,0,0.0,45,MF
John-Kymani,Gordon,0,0,0,0,0,0.0,0.0,0.0,0,0,0.0,0,0,0,0.1,45,FW
Kofi,Balmer,0,0,0,0,0,0.0,0.0,0.0,0,0,0.0,0,0,0,0.1,40,DF
Owen,Goodman,0,0,0,0,0,0.0,0.0,0.0,0,0,0.0,0,0,0,0.0,40,GK
Jack,Wells-Morrison,0,0,0,0,0,0.0,0.0,0.0,0,0,0.0,0,0,0,0.0,45,MF
David,Ozoh,0,0,1,1,0,0.8,0.0,0.0,0,3,0.1,0,0,0,0.0,45,MF
Naouirou,Ahamada,0,0,7,87,2,13.2,7.4,14.0,0,20,3.0,0,0,1,0.0,45,MF
Tayo,Adaramola,0,0,0,0,0,0.0,0.0,0.0,0,0,0.0,0,0,0,0.0,40,DF
Neal,Maupay,1,0,41,1104,19,109.9,85.8,429.0,3,86,62.2,3,0,4,0.5,56,FW
Asmir,Begović,0,0,9,90,0,0.0,36.0,0.0,2,30,3.6,1,0,0,0.8,38,GK
Salomón,Rondón,0,0,7,103,2,26.1,7.4,41.0,0,12,7.3,0,0,0,0.3,49,FW
Seamus,Coleman,1,0,63,1654,25,108.7,297.8,95.0,5,314,50.4,5,0,1,0.3,41,DF
Andros,Townsend,0,0,0,0,0,0.0,0.0,0.0,0,0,0.0,0,0,0,0.0,54,MF
Michael,Keane,1,2,39,983,22,42.6,242.6,131.0,5,180,41.7,2,0,0,0.5,42,DF
Dele,Alli,0,0,2,38,1,2.2,0.6,6.0,0,5,0.9,0,0,0,0.1,53,MF
Jordan,Pickford,0,1,124,3330,57,23.0,991.2,0.0,10,666,101.3,8,0,6,6.2,44,GK
Allan,Marques Loureiro,0,0,0,0,0,0.0,0.0,0.0,0,0,0.0,0,0,0,0.1,48,MF
André,Tavares Gomes,0,0,0,0,0,0.0,0.0,0.0,0,0,0.0,0,0,0,0.0,45,MF
Abdoulaye,Doucouré,5,2,76,1527,27,261.2,315.8,229.0,10,263,80.3,4,1,6,0.2,53,MF
Alex,Iwobi,2,8,126,3379,56,917.7,682.4,366.0,9,563,196.7,9,0,2,1.1,49,MF
Jean-Philippe,Gbamin,0,0,0,0,0,0.0,0.0,0.0,0,0,0.0,0,0,0,0.0,45,MF
Yerry,Mina,2,0,33,594,9,17.7,176.8,134.0,7,115,33.0,1,0,2,0.4,43,DF
Demarai,Gray,4,1,91,2501,39,605.2,410.4,670.0,4,284,168.5,7,0,3,0.6,51,MF
Tom,Davies,0,0,19,524,9,46.2,50.4,98.0,0,55,19.3,1,0,3,0.0,49,MF
Dominic,Calvert-Lewin,2,1,40,1166,22,122.4,138.4,409.0,2,89,66.4,4,0,3,0.3,79,FW
Mason,Holgate,0,0,16,506,9,71.9,90.4,55.0,2,81,21.5,2,1,1,0.1,42,DF
Ben,Godfrey,0,1,18,801,18,42.3,146.8,46.0,0,101,23.6,1,0,2,0.1,43,DF
Vitalii,Mykolenko,0,1,75,2653,46,307.0,504.8,120.0,4,449,93.4,7,0,4,0.6,41,DF
Jarrad,Branthwaite,0,0,0,0,0,0.0,0.0,0.0,0,0,0.0,0,0,0,0.0,40,DF
Nathan,Patterson,0,0,31,1274,22,111.9,231.4,108.0,0,173,45.3,2,0,3,2.2,39,DF
Niels,Nkounkou,0,0,0,0,0,0.0,0.0,0.0,0,0,0.0,0,0,0,0.2,40,DF
James,Tarkowski,1,1,106,3420,57,184.7,1019.6,435.0,13,632,164.2,9,0,6,4.4,41,DF
Conor,Coady,1,1,77,2094,28,59.5,392.6,88.0,5,397,54.0,7,0,2,3.0,47,DF
Rúben,Nascimento Vinagre,0,0,2,24,0,1.4,7.6,0.0,0,9,0.9,0,0,0,0.0,43,DF
Dwight,McNeil,7,5,126,2490,46,726.6,699.4,462.0,14,505,189.2,5,0,5,2.0,52,MF
Stanley,Mills,0,0,0,0,0,0.0,0.0,0.0,0,0,0.0,0,0,0,0.0,43,MF
Lewis,Warrington,0,0,0,0,0,0.0,0.0,0.0,0,0,0.0,0,0,0,0.1,44,MF
James,Garner,0,1,25,796,13,114.6,90.4,57.0,0,109,26.5,2,0,3,0.0,45,MF
Amadou,Onana,1,3,77,2486,37,295.1,347.2,280.0,2,300,92.0,9,0,9,0.1,47,MF
Reece,Welch,0,0,0,0,0,0.0,0.0,0.0,0,0,0.0,0,0,0,0.1,40,DF
Idrissa,Gueye,0,1,66,2577,45,193.7,399.2,61.0,1,357,65.3,8,0,7,0.1,47,MF
Eldin,Jakupovic,0,0,0,0,0,0.0,0.0,0.0,0,0,0.0,0,0,0,0.0,40,GK
Kyle,John,0,0,0,0,0,0.0,0.0,0.0,0,0,0.0,0,0,0,0.1,39,DF
Thomas,Cannon,0,0,2,23,1,11.6,5.0,21.0,0,7,3.8,0,0,0,0.0,45,FW
Isaac,Price,0,0,0,32,0,15.6,9.6,0.0,0,3,2.5,0,0,1,0.0,45,MF
Ellis,Simms,1,0,17,219,4,39.3,40.8,54.0,0,59,13.0,0,0,0,0.1,45,FW
Ishé,Samuels-Smith,0,0,0,0,0,0.0,0.0,0.0,0,0,0.0,0,0,0,0.0,40,DF
Andy,Lonergan,0,0,0,0,0,0.0,0.0,0.0,0,0,0.0,0,0,0,0.0,40,GK
Sean,McAllister,0,0,0,0,0,0.0,0.0,0.0,0,0,0.0,0,0,0,0.0,45,MF
Cédric,Alves Soares,0,0,10,223,3,51.4,56.4,10.0,0,56,11.9,0,0,0,0.1,42,DF
Bernd,Leno,0,0,142,3240,51,10.0,1115.8,0.0,17,766,112.7,8,0,3,3.5,46,GK
Shane,Duffy,0,0,4,17,4,0.2,0.2,7.0,0,12,0.2,0,0,0,0.1,42,DF
Tom,Cairney,2,1,53,968,13,228.2,189.2,204.0,2,217,62.4,1,0,2,0.1,47,MF
Tim,Ream,1,0,98,2898,44,65.2,604.2,76.0,12,560,74.8,8,0,2,1.2,45,DF
Anthony,Knockaert,0,0,0,0,0,0.0,0.0,0.0,0,0,0.0,0,0,0,0.0,47,MF
Nathaniel,Chalobah,0,0,1,11,4,0.6,4.6,17.0,0,2,2.3,0,1,0,0.1,44,MF
Neeskens,Kebano,0,4,40,758,10,179.7,119.6,112.0,0,123,41.5,3,0,0,0.0,54,MF
Bobby,De Cordova-Reid,4,1,90,2473,40,326.6,365.2,508.0,3,289,119.7,8,0,8,0.1,54,MF
Joe,Bryan,0,0,0,0,0,0.0,0.0,0.0,0,0,0.0,0,0,0,0.0,44,DF
Paulo,Gazzaniga Farias,0,0,0,0,0,0.0,0.0,0.0,0,0,0.0,0,0,0,1.2,40,GK
Terence,Kongolo,0,0,0,0,0,0.0,0.0,0.0,0,0,0.0,0,0,0,0.2,39,DF
Tosin,Adarabioyo,1,0,49,2084,39,89.8,495.0,128.0,1,353,71.4,3,0,4,0.1,44,DF
Aleksandar,Mitrović,14,2,107,2010,30,216.5,584.8,1141.0,14,324,193.1,7,0,7,12.5,66,FW
Harrison,Reed,3,4,107,2868,44,495.6,480.4,266.0,9,409,124.2,9,0,5,1.0,43,MF
Harry,Wilson,2,5,68,1085,15,182.1,209.2,173.0,2,215,56.4,2,0,1,0.2,57,MF
Marek,Rodák,0,0,7,180,2,0.0,19.0,0.0,0,33,1.9,1,0,0,0.2,43,GK
Ivan,Neves Abreu Cavaleiro,0,0,0,0,0,0.0,0.0,0.0,0,0,0.0,0,0,0,0.0,48,MF
Kenny,Tete,1,5,90,2569,36,385.6,617.8,110.0,1,484,111.6,7,0,8,0.4,44,DF
Josh,Onomah,0,0,2,14,2,0.6,2.0,0.0,0,4,0.3,0,0,0,0.1,43,MF
Antonee,Robinson,0,2,93,3088,44,417.6,553.0,57.0,5,558,102.9,9,0,8,0.5,44,DF
Rodrigo,Muniz Carvalho,0,0,0,0,0,0.0,0.0,0.0,0,0,0.0,0,0,0,0.0,54,FW
Jay,Stansfield,0,1,7,85,2,12.8,8.4,46.0,0,22,6.7,0,0,0,0.7,45,FW
João,Palhinha Gonçalves,3,0,83,3108,43,141.8,560.4,336.0,5,379,104.2,9,0,14,0.3,49,MF
Daniel,James,2,1,45,802,18,121.4,144.6,218.0,2,152,48.1,1,0,0,0.2,59,MF
Andreas,Hoelgebaum Pereira,4,10,123,2696,40,965.0,440.6,495.0,9,360,189.3,8,0,8,10.1,43,MF
Issa,Diop,1,0,79,2008,26,27.7,432.6,78.0,8,422,53.8,7,0,2,0.3,43,DF
Tyrese,Francois,0,0,1,1,0,0.3,1.0,0.0,0,3,0.1,0,0,0,0.0,44,MF
Kevin,Mbabu,0,1,7,141,7,37.7,39.8,0.0,0,39,7.8,0,0,1,0.1,43,DF
Luke,Harris,0,0,3,10,1,1.6,0.6,0.0,0,7,0.2,0,0,0,0.0,43,MF
Manor,Solomon,4,0,44,560,11,86.0,214.8,107.0,1,156,40.8,0,0,0,0.1,49,MF
Terry,Ablade,0,0,0,0,0,0.0,0.0,0.0,0,0,0.0,0,0,0,0.1,45,FW
Layvin,Kurzawa,0,0,2,136,4,4.5,20.2,0.0,0,13,2.5,0,0,1,0.0,43,DF
Willian,Borges da Silva,5,7,116,2127,22,658.8,430.2,447.0,11,442,153.6,9,0,2,0.5,55,MF
Carlos Vinícius,Alves Morais,5,2,72,1098,20,118.3,244.0,370.0,10,206,72.7,1,0,3,0.5,54,FW
Stefan,Parkes,0,0,0,0,0,0.0,0.0,0.0,0,0,0.0,0,0,0,0.0,40,DF
Martial,Godo,0,0,0,0,0,0.0,0.0,0.0,0,0,0.0,0,0,0,0.0,45,MF
Kristian,Sekularac,0,0,0,0,0,0.0,0.0,0.0,0,0,0.0,0,0,0,0.0,45,MF
Sasa,Lukic,0,0,15,406,10,16.0,34.2,18.0,0,58,6.8,0,0,1,0.0,45,MF
George,Wickens,0,0,0,0,0,0.0,0.0,0.0,0,0,0.0,0,0,0,0.0,40,GK
Charlie,Robinson,0,0,0,0,0,0.0,0.0,0.0,0,0,0.0,0,0,0,0.0,40,DF
Matthew,Dibley-Dias,0,0,0,0,0,0.0,0.0,0.0,0,0,0.0,0,0,0,0.0,45,MF
Kasper,Schmeichel,0,0,0,0,0,0.0,0.0,0.0,0,0,0.0,0,0,0,0.1,50,GK
Jonny,Evans,0,0,20,1051,28,20.6,223.8,35.0,0,191,27.9,2,0,1,0.2,44,DF
Ryan,Bertrand,0,0,0,0,0,0.0,0.0,0.0,0,0,0.0,0,0,0,0.0,39,DF
Marc,Albrighton,1,0,13,232,3,95.2,76.8,43.0,0,57,21.4,0,0,0,0.0,47,MF
Nampalys,Mendy,1,0,30,746,13,42.0,115.2,20.0,1,142,17.8,0,0,1,0.4,42,MF
Jannik,Vestergaard,0,0,0,0,0,0.0,0.0,0.0,0,0,0.0,0,0,0,4.9,38,DF
Danny,Ward,0,0,91,2340,46,0.0,631.4,0.0,12,485,63.0,6,0,0,18.4,38,GK
Jamie,Vardy,3,5,82,1841,38,173.5,287.0,451.0,4,206,90.6,4,0,1,2.3,91,FW
Ricardo,Barbosa Pereira,1,1,20,451,11,100.2,148.0,25.0,2,106,27.3,0,0,2,0.1,42,DF
Daniel,Amartey,0,0,51,1608,27,79.8,358.4,50.0,4,328,48.9,5,0,1,0.7,39,DF
Timothy,Castagne,2,4,114,3255,63,377.3,679.8,289.0,11,615,135.0,8,0,3,5.5,43,DF
Youri,Tielemans,3,3,86,2341,49,458.3,512.2,190.0,6,461,116.2,6,0,4,1.2,61,MF
Ayoze,Pérez,0,2,19,378,5,151.0,65.2,92.0,0,69,30.9,1,0,0,0.1,47,MF
James,Maddison,10,9,135,2479,54,970.0,785.4,769.0,9,520,252.9,4,0,10,5.5,78,MF
Kelechi,Iheanacho,5,5,82,1112,23,228.9,306.6,437.0,9,237,95.7,1,0,0,0.9,58,FW
Hamza,Choudhury,0,0,0,0,0,0.0,0.0,0.0,0,0,0.0,0,0,0,0.0,45,MF
Harvey,Barnes,13,2,138,2709,51,305.1,567.4,883.0,0,379,175.5,6,0,3,1.7,66,MF
Wilfred,Ndidi,0,0,41,1672,39,73.0,317.6,45.0,0,257,43.2,1,0,4,0.2,48,MF
Kiernan,Dewsbury-Hall,2,3,82,2305,41,527.7,446.6,233.0,5,347,121.0,7,1,3,0.5,49,MF
Çaglar,Söyüncü,1,0,16,528,13,13.3,174.6,53.0,3,93,24.1,0,0,2,0.2,42,DF
James,Justin,0,2,45,1252,25,138.8,208.4,40.0,2,263,38.7,5,0,0,0.4,41,DF
Boubakary,Soumaré,0,0,41,1624,30,148.7,236.6,5.0,0,238,39.2,6,0,9,0.3,44,MF
Luke,Thomas,0,1,28,1068,20,89.4,166.8,12.0,0,189,26.8,2,0,3,0.2,39,DF
Patson,Daka,4,4,70,1169,24,223.6,295.2,440.0,3,231,95.1,5,0,2,0.8,56,FW
Lewis,Brunt,0,0,1,22,1,1.0,2.2,0.0,0,4,0.3,0,0,0,0.3,39,DF
Daniel,Iversen,0,0,29,1080,22,0.0,255.8,0.0,2,183,25.6,1,0,0,5.1,39,GK
Dennis,Praet,1,1,34,635,10,66.9,96.4,64.0,0,115,22.7,2,0,1,0.0,48,MF
Alex,Smithies,0,0,0,0,0,0.0,0.0,0.0,0,0,0.0,0,0,0,0.1,39,GK
Wout,Faes,1,2,78,2786,51,115.6,662.4,93.0,5,545,87.1,7,1,4,0.2,42,DF
Sammy,Braybrooke,0,0,0,0,0,0.0,0.0,0.0,0,0,0.0,0,0,0,0.0,45,MF
Joe,Wormleighton,0,0,0,0,0,0.0,0.0,0.0,0,0,0.0,0,0,0,0.0,40,DF
Kasey,McAteer,0,0,0,0,0,0.0,0.0,0.0,0,0,0.0,0,0,0,0.0,45,MF
Victor,Kristiansen,0,1,16,891,21,119.3,173.2,14.0,0,111,30.8,0,0,2,0.0,45,DF
Mateus,Cardoso Lemos Martins,1,0,27,732,15,98.7,84.0,109.0,1,90,28.8,0,0,0,0.1,49,MF
Harry,Souttar,0,1,20,991,19,38.9,242.6,65.0,0,151,34.6,1,0,2,0.1,45,DF
Wanya,Marçal-Madivadua,0,0,0,0,0,0.0,0.0,0.0,0,0,0.0,0,0,0,0.0,45,MF
Liam,Cooper,1,0,31,1425,32,65.2,309.8,145.0,1,238,51.7,2,0,5,0.1,44,DF
Luke,Ayling,2,1,59,2048,48,209.3,451.8,264.0,4,336,92.8,3,0,3,0.3,45,DF
Mateusz,Klich,0,0,12,266,5,69.3,39.6,50.0,0,43,15.2,0,0,2,0.0,46,MF
Adam,Forshaw,0,0,16,473,13,62.0,49.6,0.0,0,78,11.3,0,0,0,0.0,44,MF
Rodrigo,Moreno,13,2,127,1928,43,241.1,577.6,853.0,6,368,166.5,5,0,6,4.1,63,MF
Stuart,Dallas,0,0,0,0,0,0.0,0.0,0.0,0,0,0.0,0,0,0,0.0,49,DF
Patrick,Bamford,4,5,70,1510,31,171.6,252.2,588.0,3,157,99.6,1,0,3,0.4,71,FW
Diego,Llorente,0,0,16,648,12,5.8,99.0,40.0,2,115,14.6,1,0,1,0.2,44,DF
Tyler,Roberts,0,0,0,0,0,0.0,0.0,0.0,0,0,0.0,0,0,0,0.0,50,MF
Robin,Koch,0,0,55,3175,74,72.9,589.2,201.0,2,447,86.3,5,0,7,0.2,45,DF
Raphael,Dias Belloli,0,0,0,0,0,0.0,0.0,0.0,0,0,0.0,0,0,0,0.1,70,MF
Jack,Harrison,5,8,134,2707,55,791.5,556.2,466.0,15,403,181.2,6,0,2,2.1,57,MF
Jamie,Shackleton,0,0,0,0,0,0.0,0.0,0.0,0,0,0.0,0,0,0,0.0,45,MF
Pascal,Struijk,2,2,66,2198,52,216.2,544.4,253.0,4,423,101.5,4,0,5,0.5,45,DF
Kristoffer,Klaesson,0,0,0,0,0,0.0,0.0,0.0,0,0,0.0,0,0,0,0.7,38,GK
Sam,Greenwood,1,2,30,410,11,210.5,121.8,85.0,1,107,41.6,0,0,1,10.8,41,FW
Illan,Meslier,0,0,90,3060,67,0.0,738.6,17.0,8,548,75.9,5,0,3,1.7,44,GK
Junior,Firpo Adames,1,2,30,1364,33,123.4,286.0,41.0,3,187,45.0,1,1,5,0.1,45,DF
Crysencio,Summerville,4,4,74,1411,38,222.6,311.8,357.0,4,235,88.6,1,0,4,0.6,42,MF
Lewis,Bate,0,0,0,0,0,0.0,0.0,0.0,0,0,0.0,0,0,0,0.0,45,MF
Joe,Gelhardt,0,2,20,201,3,32.1,49.4,114.0,0,44,19.4,0,0,1,0.2,51,FW
Leo Fuhr,Hjelde,0,0,0,0,0,0.0,0.0,0.0,0,0,0.0,0,0,0,0.2,39,DF
Rasmus,Kristensen,3,1,51,1957,53,143.6,474.4,160.0,1,322,78.0,2,0,4,0.4,47,DF
Marc,Roca Junqué,1,3,67,2316,60,475.8,433.6,323.0,3,357,123.1,2,0,7,0.1,48,MF
Brenden,Aaronson,1,4,83,2365,58,662.6,306.0,439.0,0,232,141.1,5,0,2,0.6,53,MF
Darko,Gyabi,0,0,1,7,0,0.5,4.4,20.0,0,7,2.5,0,0,0,0.1,42,MF
Tyler,Adams,0,0,47,2156,36,328.9,393.6,24.0,1,290,74.9,5,1,4,0.1,49,MF
Luis,Sinisterra Lucumí,5,0,53,863,23,157.7,242.8,305.0,6,173,70.6,0,1,1,0.2,65,MF
Cody,Drameh,0,0,1,70,3,2.7,12.8,0.0,0,16,1.6,0,0,0,0.1,40,DF
Archie,Gray,0,0,0,0,0,0.0,0.0,0.0,0,0,0.0,0,0,0,0.0,45,MF
Joel,Robles,0,0,7,360,11,0.0,93.2,0.0,0,65,9.3,0,0,1,0.1,40,GK
Wilfried,Gnonto,2,4,55,1346,28,323.5,264.8,253.0,6,183,84.3,4,0,7,0.7,47,FW
Mateo Joseph,Fernández,0,0,3,24,0,0.2,3.0,19.0,0,5,2.2,0,0,0,0.0,45,FW
Sonny,Perkins,0,0,0,0,0,0.0,0.0,0.0,0,0,0.0,0,0,0,0.0,45,FW
Maximilian,Wöber,0,0,25,1264,23,65.8,273.4,54.0,2,195,39.5,2,0,3,0.0,44,DF
Georginio,Rutter,0,1,15,263,9,38.3,36.2,41.0,0,45,11.4,0,0,0,0.0,50,FW
Weston,McKennie,0,1,31,1434,35,201.7,198.8,81.0,0,135,48.3,1,0,7,0.0,46,MF
Jeremiah,Chilokoa-Mullen,0,0,0,0,0,0.0,0.0,0.0,0,0,0.0,0,0,0,0.0,40,DF
Diogo,Pinheiro Monteiro,0,0,0,0,0,0.0,0.0,0.0,0,0,0.0,0,0,0,0.0,40,DF
James,Milner,0,1,42,889,12,207.2,172.8,92.0,0,187,47.2,3,0,2,0.6,44,MF
Jordan,Henderson,0,3,69,2060,30,506.1,307.4,174.0,0,401,99.1,8,0,2,0.5,53,MF
Joel,Matip,1,0,36,1091,20,49.5,223.4,90.0,4,216,36.2,3,0,3,0.9,59,DF
Thiago,Alcántara do Nascimento,0,0,30,1252,23,265.8,244.4,86.0,0,194,59.8,2,0,2,0.6,51,MF
Alex,Oxlade-Chamberlain,1,0,20,332,7,66.3,72.4,84.0,2,57,22.3,0,0,0,0.0,49,MF
Roberto,Firmino,11,4,104,1202,17,293.2,542.0,792.0,12,447,162.8,4,0,0,3.2,80,FW
Virgil,van Dijk,3,1,127,2835,36,121.0,743.2,389.0,13,636,125.4,11,0,3,12.4,66,DF
Alisson,Ramses Becker,0,1,162,3330,43,10.1,966.4,0.0,15,824,97.6,14,0,1,16.8,55,GK
Fabio Henrique,Tavares,0,2,70,2666,34,302.0,379.2,109.0,0,394,79.0,11,0,11,0.8,52,MF
Mohamed,Salah,19,13,239,3290,45,869.9,1046.2,1620.0,23,651,353.7,13,0,2,37.2,131,MF
Andrew,Robertson,0,8,121,2579,34,862.1,549.2,211.0,10,633,162.3,9,0,3,6.0,68,DF
Trent,Alexander-Arnold,2,11,156,2922,44,1168.2,779.0,241.0,21,824,219.0,10,0,5,30.7,78,DF
Joseph,Gomez,0,0,68,1461,16,43.7,297.8,27.0,8,337,36.9,8,0,3,0.8,43,DF
Naby,Keita,0,0,10,290,4,92.6,23.8,54.0,0,34,16.9,1,0,1,0.0,47,MF
Diogo,Teixeira da Silva,7,4,80,1125,19,237.9,304.2,337.0,9,282,87.5,5,0,2,2.0,86,FW
Caoimhin,Kelleher,0,0,2,90,4,0.0,0.0,0.0,0,20,0.0,0,0,0,0.2,39,GK
Ibrahima,Konaté,0,0,49,1551,22,39.6,285.6,144.0,0,305,46.8,7,0,5,1.3,49,DF
Curtis,Jones,3,1,52,1029,15,214.4,266.2,236.0,4,206,71.6,4,0,2,0.4,49,MF
Konstantinos,Tsimikas,0,4,48,762,11,281.7,177.6,124.0,2,216,58.5,4,0,3,0.4,43,DF
Luis,Díaz,4,2,62,991,11,176.7,236.2,388.0,7,166,80.1,4,0,2,6.6,78,MF
Harvey,Elliott,1,2,62,1600,20,372.3,257.0,363.0,2,286,99.4,5,0,2,0.5,48,MF
Fábio,Freitas Gouveia Carvalho,2,1,27,339,3,36.7,89.4,173.0,0,80,29.7,0,0,0,0.3,51,MF
Darwin,Núñez Ribeiro,9,5,100,1684,22,336.9,458.2,1078.0,8,310,186.0,7,1,1,6.4,86,FW
Calvin,Ramsay,0,0,0,0,0,0.0,0.0,0.0,0,0,0.0,0,0,0,0.2,39,DF
Adrián,San Miguel del Castillo,0,0,0,0,0,0.0,0.0,0.0,0,0,0.0,0,0,0,0.6,38,GK
Rhys,Williams,0,0,0,0,0,0.0,0.0,0.0,0,0,0.0,0,0,0,0.0,40,DF
Ben,Davies,0,0,0,0,0,0.0,0.0,0.0,0,0,0.0,0,0,0,0.0,40,DF
Sepp,van den Berg,0,0,0,0,0,0.0,0.0,0.0,0,0,0.0,0,0,0,0.1,40,DF
Nathaniel,Phillips,0,0,3,65,1,1.4,15.4,18.0,0,17,3.4,0,0,0,0.6,38,DF
Luke,Chambers,0,0,0,0,0,0.0,0.0,0.0,0,0,0.0,0,0,0,0.1,40,DF
Stefan,Bajcetic,1,0,22,522,4,61.7,90.2,77.0,0,85,22.8,3,0,2,0.0,43,MF
Bobby,Clark,0,0,1,7,0,0.3,0.0,2.0,0,1,0.2,0,0,0,0.0,45,MF
Harvey,Davies,0,0,0,0,0,0.0,0.0,0.0,0,0,0.0,0,0,0,0.0,40,GK
Arthur Henrique,Ramos de Oliveira Melo,0,0,0,0,0,0.0,0.0,0.0,0,0,0.0,0,0,0,0.0,48,MF
Ben,Doak,0,0,2,23,1,1.4,5.6,4.0,0,4,1.2,0,0,0,0.0,45,MF
Cody,Gakpo,7,3,90,1455,19,271.1,331.8,415.0,4,256,101.3,6,0,0,5.3,76,MF
Kyle,Walker,0,0,69,1953,20,176.2,223.8,39.0,0,376,43.8,7,0,3,4.5,47,DF
Ilkay,Gündogan,8,6,132,2351,20,636.9,596.2,597.0,9,518,182.7,10,0,0,7.7,74,MF
Kevin,De Bruyne,7,18,183,2413,23,1476.7,897.8,598.0,26,742,297.6,10,0,1,25.5,121,MF
John,Stones,2,2,93,1844,17,164.1,396.0,135.0,13,422,69.6,7,0,2,8.2,56,DF
Riyad,Mahrez,5,12,126,1913,23,773.4,533.6,520.0,11,470,182.5,6,0,2,8.9,75,MF
Jack,Grealish,5,10,121,2051,16,721.3,515.8,683.0,9,490,191.7,10,0,4,7.9,71,MF
João,Cancelo,2,2,73,1273,16,266.4,277.0,276.0,10,304,81.2,6,1,3,17.8,71,DF
Ederson,Santana de Moraes,0,1,121,3150,32,13.1,479.0,0.0,8,581,49.2,11,0,3,15.0,54,GK
Nathan,Aké,1,0,92,1871,15,161.6,383.4,150.0,9,419,69.7,9,0,2,2.4,50,DF
Aymeric,Laporte,0,0,40,992,10,107.8,166.2,68.0,3,210,34.1,4,0,0,0.6,56,DF
Zack,Steffen,0,0,0,0,0,0.0,0.0,0.0,0,0,0.0,0,0,0,0.0,40,GK
Bernardo,Veiga de Carvalho e Silva,4,6,106,2196,24,515.0,492.0,424.0,9,427,143.1,7,0,5,5.9,67,MF
Rúben,Gato Alves Dias,0,0,80,1997,16,83.7,416.8,124.0,1,432,62.5,9,0,3,7.4,60,DF
Phil,Foden,11,7,142,1832,16,670.8,671.2,712.0,15,517,205.4,5,0,1,9.7,80,MF
Rodrigo,Hernandez,2,6,108,2911,26,555.9,716.0,493.0,7,606,176.9,11,0,5,1.9,56,MF
Cole,Palmer,0,1,19,358,4,72.4,59.2,97.0,0,76,23.1,1,0,1,0.1,42,MF
James,McAtee,0,0,0,0,0,0.0,0.0,0.0,0,0,0.0,0,0,0,0.0,45,MF
Erling,Haaland,36,9,272,2767,26,371.0,1390.0,1825.0,40,1040,358.1,13,0,5,78.4,124,FW
Julián,Álvarez,9,3,103,1448,16,271.1,430.8,545.0,14,393,124.7,5,0,0,7.7,61,FW
Luke,Mbete-Tabu,0,0,0,0,0,0.0,0.0,0.0,0,0,0.0,0,0,0,0.1,39,DF
Josh,Wilson-Esbrand,0,0,0,0,0,0.0,0.0,0.0,0,0,0.0,0,0,0,0.6,38,DF
Liam,Delap,0,0,0,0,0,0.0,0.0,0.0,0,0,0.0,0,0,0,0.2,44,FW
Stefan,Ortega Moreno,0,0,23,270,1,0.0,116.8,0.0,5,90,11.7,2,0,0,1.5,37,GK
Kalvin,Phillips,0,0,14,291,3,46.5,39.0,19.0,0,68,10.5,1,0,1,0.1,48,MF
Scott,Carson,0,0,0,0,0,0.0,0.0,0.0,0,0,0.0,0,0,0,0.4,38,GK
Rico,Lewis,0,0,29,900,8,152.4,114.6,40.0,0,168,30.7,2,0,1,1.1,38,DF
Sergio,Gómez,0,1,21,340,6,52.8,66.2,24.0,1,83,14.3,1,0,0,0.1,44,DF
Claudio,Gomes,0,0,0,0,0,0.0,0.0,0.0,0,0,0.0,0,0,0,0.0,45,MF
Ben,Knight,0,0,0,0,0,0.0,0.0,0.0,0,0,0.0,0,0,0,0.0,45,MF
Manuel,Akanji,0,1,82,2284,23,146.5,385.6,180.0,5,460,71.4,7,0,2,3.6,51,DF
Máximo,Perrone,0,0,1,18,1,2.6,1.0,4.0,0,4,0.8,0,0,0,0.0,44,MF
Alex,Robertson,0,0,0,0,0,0.0,0.0,0.0,0,0,0.0,0,0,0,0.0,45,MF
Shea,Charles,0,0,1,27,1,0.0,0.0,0.0,0,3,0.0,0,0,0,0.0,45,MF
Nico,O'Reilly,0,0,0,0,0,0.0,0.0,0.0,0,0,0.0,0,0,0,0.0,45,MF
Jack,Butland,0,0,0,0,0,0.0,0.0,0.0,0,0,0.0,0,0,0,0.1,44,GK
Cristiano Ronaldo,dos Santos Aveiro,1,0,20,519,8,83.2,63.8,218.0,3,42,35.6,3,0,2,1.9,102,FW
David,De Gea Quintana,0,0,161,3420,43,13.0,792.2,0.0,5,729,80.7,17,0,0,15.8,51,GK
Phil,Jones,0,0,0,0,0,0.0,0.0,0.0,0,0,0.0,0,0,0,0.6,38,DF
Raphaël,Varane,0,0,77,1912,22,74.0,387.0,124.0,2,392,58.8,10,0,1,3.1,48,DF
Harry,Maguire,0,0,39,762,7,20.3,180.6,51.0,2,201,25.2,5,0,4,0.4,47,DF
Frederico,Rodrigues de Paula Santos,2,3,62,1228,22,335.9,282.2,213.0,2,272,83.0,4,0,6,0.5,51,MF
Luke,Shaw,1,4,124,2552,35,547.7,572.8,118.0,20,626,124.2,12,0,8,19.2,53,DF
Bruno,Borges Fernandes,8,9,176,3317,39,1532.3,948.0,948.0,23,748,343.1,18,0,6,13.3,95,MF
Alex,Telles,0,0,0,0,0,0.0,0.0,0.0,0,0,0.0,0,0,0,0.0,50,DF
Marcus,Rashford,17,7,205,2880,39,459.7,887.8,1427.0,21,530,277.6,13,0,2,37.8,72,MF
Donny,van de Beek,0,0,8,162,3,40.2,11.2,54.0,0,21,10.5,0,0,0,0.1,51,MF
Victor,Lindelöf,0,0,57,1359,16,53.5,265.0,19.0,3,327,33.9,6,0,1,1.6,41,DF
Scott,McTominay,1,0,36,1149,20,122.8,242.2,156.0,2,146,51.7,4,0,8,0.2,49,MF
Eric,Bailly,0,0,0,0,0,0.0,0.0,0.0,0,0,0.0,0,0,0,0.3,40,DF
Jadon,Sancho,6,3,105,1683,18,543.9,390.6,382.0,8,375,131.7,13,0,0,3.3,71,MF
Aaron,Wan-Bissaka,0,0,67,1432,10,221.9,290.4,143.0,3,308,65.5,8,0,2,1.8,43,DF
Diogo,Dalot Teixeira,1,2,102,2152,34,418.6,469.4,272.0,19,502,116.0,10,0,6,6.3,48,DF
Brandon,Williams,0,0,0,0,0,0.0,0.0,0.0,0,0,0.0,0,0,0,2.8,37,DF
Anthony,Elanga,0,1,23,417,2,78.8,52.4,162.0,0,53,28.7,2,0,0,0.4,46,MF
Anthony,Martial,6,3,66,970,8,179.0,305.2,376.0,4,230,85.4,7,0,0,2.9,63,FW
Facundo,Pellistri Rebollo,0,0,4,60,1,1.7,3.2,2.0,0,14,0.6,0,0,0,0.0,43,MF
Tom,Heaton,0,0,0,0,0,0.0,0.0,0.0,0,0,0.0,0,0,0,0.3,38,GK
Tyrell,Malacia,0,0,62,1391,14,125.8,206.4,77.0,8,287,41.1,7,0,6,1.9,42,DF
Christian,Eriksen,1,9,103,2046,25,564.3,420.8,344.0,8,426,132.8,13,0,3,2.5,62,MF
Lisandro,Martínez,1,0,81,2113,33,110.4,571.8,82.0,6,481,76.7,9,0,6,4.7,44,DF
Amad,Diallo,0,0,0,0,0,0.0,0.0,0.0,0,0,0.0,0,0,0,0.0,44,MF
Zidane,Iqbal,0,0,0,0,0,0.0,0.0,0.0,0,0,0.0,0,0,0,0.2,42,MF
Alejandro,Garnacho,3,2,39,557,13,58.5,153.8,266.0,0,81,47.9,0,0,3,1.5,41,MF
Carlos Henrique,Casimiro,4,3,87,2122,22,393.0,638.6,278.0,10,389,131.1,10,2,7,2.4,49,MF
Antony Matheus,dos Santos,4,2,82,1803,21,421.0,322.0,633.0,4,262,137.1,12,0,5,3.4,73,MF
Matej,Kovár,0,0,0,0,0,0.0,0.0,0.0,0,0,0.0,0,0,0,0.0,40,GK
Kobbie,Mainoo,0,0,1,10,0,0.8,5.8,6.0,0,2,1.3,0,0,0,0.0,45,MF
Nathan,Bishop,0,0,0,0,0,0.0,0.0,0.0,0,0,0.0,0,0,0,0.0,40,GK
Shola,Shoretire,0,0,0,0,0,0.0,0.0,0.0,0,0,0.0,0,0,0,0.0,45,FW
Rhys,Bennett,0,0,0,0,0,0.0,0.0,0.0,0,0,0.0,0,0,0,0.0,40,DF
Wout,Weghorst,0,1,24,790,11,183.7,97.6,140.0,0,56,42.1,4,0,1,0.3,54,FW
Marcel,Sabitzer,0,1,25,622,7,138.9,100.4,84.0,0,98,32.5,5,0,1,0.1,47,MF
Marc,Jurado Gomez,0,0,0,0,0,0.0,0.0,0.0,0,0,0.0,0,0,0,0.0,40,DF
Anthony,Gordon,4,0,68,1574,18,215.3,265.6,517.0,5,186,99.8,4,0,7,0.9,51,MF
Matt,Ritchie,0,0,7,35,0,17.2,8.8,2.0,0,24,2.8,0,0,0,0.1,42,DF
Federico,Fernández,0,0,0,0,0,0.0,0.0,0.0,0,0,0.0,0,0,0,0.0,44,DF
Ciaran,Clark,0,0,0,0,0,0.0,0.0,0.0,0,0,0.0,0,0,0,0.0,45,DF
Karl,Darlow,0,0,0,0,0,0.0,0.0,0.0,0,0,0.0,0,0,0,0.7,39,GK
Martin,Dubravka,0,0,11,156,1,0.0,29.4,0.0,1,49,2.9,1,0,0,0.4,41,GK
Callum,Wilson,18,6,157,1870,16,271.0,720.0,1020.0,20,526,200.4,10,0,4,17.2,73,FW
Kieran,Trippier,1,9,198,3342,31,1818.5,904.8,117.0,39,941,284.3,16,0,5,62.4,60,DF
Dan,Burn,1,0,129,3109,30,230.4,550.2,265.0,6,584,104.8,14,0,5,4.3,45,DF
Ryan,Fraser,0,0,11,308,3,74.0,26.8,70.0,0,39,17.2,1,0,1,0.1,52,MF
Jamaal,Lascelles,0,0,3,214,5,0.9,42.6,13.0,0,22,5.4,0,0,4,0.1,43,DF
Dwight,Gayle,0,0,0,0,0,0.0,0.0,0.0,0,0,0.0,0,0,0,0.0,45,FW
Paul,Dummett,0,0,0,0,0,0.0,0.0,0.0,0,0,0.0,0,0,0,0.3,39,DF
Javier,Manquillo Gaitán,0,0,4,34,1,5.5,12.0,2.0,0,19,2.0,0,0,0,0.1,42,DF
Emil,Krafth,0,0,1,1,0,0.0,0.0,0.0,0,3,0.0,0,0,0,0.0,43,DF
Jacob,Murphy,4,2,78,1230,12,302.5,275.0,410.0,2,240,98.9,3,0,0,3.2,42,MF
Fabian,Schär,1,3,139,3207,28,263.9,653.4,521.0,6,617,144.1,15,0,7,14.4,51,DF
Matt,Targett,0,0,35,600,6,141.9,97.6,8.0,2,157,24.8,3,0,1,0.5,47,DF
Allan,Saint-Maximin,1,6,66,1109,14,344.1,266.4,370.0,4,240,98.2,4,0,1,3.1,61,MF
Miguel,Almirón Rejala,11,4,158,2487,22,424.0,599.2,849.0,15,511,187.5,15,0,2,12.8,54,MF
Sean,Longstaff,1,5,93,2514,18,372.0,385.2,408.0,2,347,116.8,13,0,2,1.0,43,MF
Joelinton Cássio,Apolinário de Lira,6,5,115,2660,26,413.1,603.4,655.0,10,458,167.3,11,0,12,2.0,60,MF
Jamal,Lewis,0,0,2,9,1,0.8,1.0,4.0,0,6,0.6,0,0,0,0.1,44,DF
Joe,Willock,3,7,123,2556,26,547.0,520.8,680.0,11,415,174.9,12,0,1,1.2,47,MF
Bruno,Guimarães Rodriguez Moura,4,5,107,2727,25,631.8,617.6,284.0,5,438,153.6,12,0,7,2.9,55,MF
Jeff,Hendrick,0,0,0,0,0,0.0,0.0,0.0,0,0,0.0,0,0,0,0.0,45,MF
Nick,Pope,0,0,157,3261,32,20.0,709.6,0.0,14,678,72.9,14,1,3,18.0,54,GK
Sven,Botman,0,2,129,3127,30,120.1,554.4,303.0,8,666,98.1,13,0,2,6.9,45,DF
Elliot,Anderson,0,1,30,395,7,114.7,70.2,180.0,2,93,36.5,1,0,0,0.1,43,MF
Harrison,Ashby,0,0,0,0,0,0.0,0.0,0.0,0,0,0.0,0,0,0,0.6,38,DF
Alexander,Isak,10,2,100,1520,20,244.1,475.0,693.0,18,353,141.1,4,0,3,12.7,70,FW
Loris,Karius,0,0,0,0,0,0.0,0.0,0.0,0,0,0.0,0,0,0,0.1,39,GK
Garang,Kuol,0,0,0,0,0,0.0,0.0,0.0,0,0,0.0,0,0,0,0.0,45,MF
Lewis,Miley,0,0,1,14,0,0.0,0.0,0.0,0,2,0.0,0,0,0,0.0,45,MF
Mark,Gillespie,0,0,0,0,0,0.0,0.0,0.0,0,0,0.0,0,0,0,0.0,40,GK
Neco,Williams,1,1,54,1872,41,257.3,372.2,209.0,1,284,84.0,4,0,7,12.1,38,DF
Jonjo,Shelvey,0,0,16,573,11,102.1,55.6,11.0,0,67,16.3,1,0,2,0.0,48,MF
Chris,Wood,3,0,53,807,9,82.1,145.2,169.0,7,163,39.3,4,0,0,0.5,56,FW
Harry,Arter,0,0,0,0,0,0.0,0.0,0.0,0,0,0.0,0,0,0,0.4,41,MF
Steve,Cook,0,0,20,956,21,39.3,177.4,28.0,0,149,24.4,2,0,4,0.1,43,DF
Lyle,Taylor,0,0,0,0,0,0.0,0.0,0.0,0,0,0.0,0,0,0,4.2,41,FW
Jack,Colback,0,0,14,492,11,33.7,62.0,2.0,0,73,9.9,0,0,0,0.7,41,MF
Brice,Samba,0,0,0,0,0,0.0,0.0,0.0,0,0,0.0,0,0,0,0.0,45,GK
Carlos,Ribeiro Dias,0,0,1,6,0,0.1,2.4,0.0,0,3,0.3,0,0,0,0.3,42,MF
Joe,Lolley,0,0,0,0,0,0.0,0.0,0.0,0,0,0.0,0,0,0,0.0,49,MF
Scott,McKenna,0,0,40,1570,32,93.9,278.8,46.0,0,275,41.8,5,0,4,0.1,44,DF
Mohamed,Dräger,0,0,0,0,0,0.0,0.0,0.0,0,0,0.0,0,0,0,0.1,40,DF
Ryan,Yates,0,3,53,1833,36,97.3,206.8,233.0,0,177,53.1,5,0,5,0.0,50,MF
Joe,Worrall,1,0,61,2215,44,66.4,471.0,92.0,2,366,62.5,5,0,6,0.1,42,DF
Jonathan,Panzo,0,0,0,0,0,0.0,0.0,0.0,0,0,0.0,0,0,0,0.0,40,DF
Xande,Nascimento da Costa Silva,0,0,0,0,0,0.0,0.0,0.0,0,0,0.0,0,0,0,0.0,50,MF
Sam,Surridge,1,0,26,306,5,15.9,59.4,92.0,3,61,15.7,0,0,2,0.7,46,FW
Richie,Laryea,0,0,0,0,0,0.0,0.0,0.0,0,0,0.0,0,0,0,0.0,45,DF
Loïc,Mbe Soh,0,0,0,0,0,0.0,0.0,0.0,0,0,0.0,0,0,0,0.0,42,DF
Brennan,Johnson,8,5,122,2930,54,373.6,478.2,729.0,15,384,157.4,7,0,6,1.6,55,FW
Alex,Mighten,0,0,1,7,0,0.3,0.0,0.0,0,1,0.0,0,0,0,0.0,49,MF
Braian,Ojeda Rodríguez,0,0,0,0,0,0.0,0.0,0.0,0,0,0.0,0,0,0,0.0,45,MF
Taiwo,Awoniyi,10,1,100,1395,29,129.6,375.8,378.0,16,320,87.8,5,0,2,1.2,56,FW
Dean,Henderson,0,0,82,1620,31,0.0,474.4,0.0,12,367,47.5,6,0,2,5.2,46,GK
Giulian,Biancone,0,0,2,15,1,0.0,6.8,0.0,0,9,0.7,0,0,0,0.0,42,DF
Willy,Boly,0,1,37,684,10,11.8,145.0,24.0,7,147,18.3,3,0,2,0.1,41,DF
Morgan,Gibbs-White,5,12,145,3151,61,941.1,593.4,624.0,11,479,215.7,8,0,6,1.3,55,MF
Moussa,Niakhaté,0,0,25,1163,22,14.8,173.4,61.0,0,141,24.9,2,0,1,0.0,43,DF
Omar,Richards,0,0,0,0,0,0.0,0.0,0.0,0,0,0.0,0,0,0,0.0,44,DF
Wayne,Hennessey,0,0,8,271,5,0.0,62.2,0.0,0,46,6.3,0,0,0,1.4,39,GK
Harry,Toffolo,0,0,30,933,17,93.5,147.0,67.0,1,134,30.6,2,0,2,0.1,43,DF
Lewis,O'Brien,1,0,22,578,14,56.4,107.8,47.0,0,88,21.1,1,0,2,0.0,47,MF
Jesse,Lingard,0,1,33,918,17,151.9,50.6,127.0,0,93,32.9,5,0,1,1.1,54,MF
Orel,Mangala,1,1,50,1543,24,61.6,191.4,75.0,0,190,32.8,5,0,3,0.0,49,MF
Oliver,Hammond,0,0,0,0,0,0.0,0.0,0.0,0,0,0.0,0,0,0,0.0,42,MF
Remo,Freuler,0,0,54,2157,47,174.7,272.2,54.0,0,267,50.3,6,0,4,0.0,49,MF
Cheikhou,Kouyaté,1,0,35,871,23,82.8,158.8,81.0,2,144,32.2,2,0,3,0.1,44,MF
Emmanuel,Dennis,2,2,39,709,17,96.8,166.4,286.0,3,113,54.6,1,0,3,0.1,56,FW
Renan Augusto,Lodi dos Santos,0,2,56,2211,48,208.2,319.0,97.0,3,363,62.5,5,0,7,0.2,43,DF
Loïc,Badé,0,0,0,0,0,0.0,0.0,0.0,0,0,0.0,0,0,0,0.0,45,DF
Serge,Aurier,1,0,70,1943,31,164.1,431.0,112.0,8,336,70.9,6,0,2,0.3,43,DF
Dale,Taylor,0,0,0,0,0,0.0,0.0,0.0,0,0,0.0,0,0,0,0.0,45,FW
Jordan,Smith,0,0,0,0,0,0.0,0.0,0.0,0,0,0.0,0,0,0,0.0,40,GK
Gustavo Henrique,Furtado Scarpa,0,0,5,177,1,17.3,15.0,25.0,0,16,5.7,0,0,1,0.0,46,MF
Danilo,dos Santos de Oliveira,3,2,48,976,18,108.1,253.8,113.0,5,178,47.1,1,0,1,0.2,45,MF
Keylor,Navas,0,0,43,1530,32,0.0,387.6,0.0,5,273,38.7,2,0,2,0.8,45,GK
Felipe Augusto,de Almeida Monteiro,0,1,25,1417,32,79.5,379.0,130.0,3,233,59.0,1,0,4,0.1,45,DF
André,Ayew,0,0,11,306,10,17.1,34.0,53.0,0,27,10.5,0,0,1,0.0,50,MF
George,Shelvey,0,0,0,0,0,0.0,0.0,0.0,0,0,0.0,0,0,0,0.0,40,GK
Ainsley,Maitland-Niles,0,1,38,1400,31,159.2,280.2,23.0,0,202,46.0,3,0,3,0.0,48,MF
Roméo,Lavia,1,1,57,2219,50,247.1,344.8,46.0,0,317,64.2,4,0,9,0.2,45,MF
Theo,Walcott,2,2,49,1123,30,159.1,164.6,199.0,1,140,52.1,2,0,1,0.0,48,MF
Alex,McCarthy,0,0,8,540,17,0.0,84.2,0.0,0,83,8.4,0,0,0,0.1,43,GK
Oriol,Romeu Vidal,0,0,2,74,4,3.8,6.2,2.0,0,9,1.2,0,0,0,0.0,48,MF
Nathan,Redmond,0,0,1,1,0,0.0,0.0,0.0,0,3,0.0,0,0,0,0.0,53,MF
Stuart,Armstrong,2,2,57,1391,34,282.8,234.2,267.0,2,221,78.6,1,0,6,0.1,47,MF
Mohamed,Elyounoussi,1,1,62,2162,45,297.2,285.0,388.0,0,218,96.8,2,0,4,0.1,51,MF
James,Ward-Prowse,9,4,142,3371,72,1162.9,880.4,319.0,18,747,236.3,4,0,6,4.9,61,MF
Adam,Armstrong,2,1,54,1321,24,148.8,142.0,275.0,3,161,55.6,1,0,2,0.7,53,FW
Kyle,Walker-Peters,1,0,56,2650,58,277.9,403.4,198.0,2,335,87.9,3,0,4,0.6,44,DF
Jan,Bednarek,0,0,32,1770,40,38.4,415.0,43.0,2,321,49.7,3,0,5,0.2,41,DF
Che,Adams,5,5,94,1987,41,336.4,340.4,583.0,9,262,124.6,4,0,1,0.8,60,FW
Nathan,Tella,0,0,0,0,0,0.0,0.0,0.0,0,0,0.0,0,0,0,0.0,50,MF
Lyanco,Silveira Neves Vojnovic,1,1,29,1173,26,52.8,281.6,114.0,0,209,45.0,0,0,4,0.0,44,DF
Yan,Valery,0,0,0,45,2,0.9,4.0,0.0,0,1,0.5,0,0,0,0.3,40,DF
Will,Smallbone,0,0,0,0,0,0.0,0.0,0.0,0,0,0.0,0,0,0,0.0,45,MF
Ibrahima,Diallo,0,0,19,813,19,66.0,85.4,28.0,0,95,17.7,0,0,4,0.4,41,MF
Romain,Perraud,2,2,71,1828,35,251.8,360.6,298.0,5,304,90.9,4,0,4,0.4,40,DF
Moussa,Djenepo,0,2,27,702,14,123.2,141.8,70.0,0,117,33.7,0,0,1,0.1,49,MF
Tino,Livramento,0,0,2,26,0,0.0,5.8,0.0,0,13,0.6,0,0,0,0.0,44,DF
Mohammed,Salisu,0,1,33,1971,41,109.7,537.4,167.0,2,305,81.5,1,0,5,0.1,42,DF
Mateusz,Lis,0,0,0,0,0,0.0,0.0,0.0,0,0,0.0,0,0,0,0.1,40,GK
Gavin,Bazunu,0,0,84,2880,56,10.0,633.0,0.0,3,485,64.2,4,0,0,0.6,44,GK
Armel,Bella-Kotchap,0,2,49,1881,39,76.4,422.4,105.0,5,345,60.6,3,0,4,0.2,45,DF
Willy,Caballero,0,0,0,0,0,0.0,0.0,0.0,0,0,0.0,0,0,0,0.9,38,GK
Joe,Ayodele-Aribo,2,0,46,1219,24,137.1,209.6,366.0,3,161,71.5,1,0,2,0.3,50,MF
Sékou,Mara,1,2,32,538,10,77.5,104.8,169.0,0,90,33.9,0,0,1,0.1,53,FW
Juan,Larios López,0,0,4,150,2,7.8,27.6,4.0,0,28,3.9,0,0,0,0.0,40,DF
Duje,Caleta-Car,1,0,28,942,15,16.2,262.4,69.0,2,182,34.9,1,0,2,0.0,44,DF
Samuel,Edozie,0,0,23,554,9,110.3,89.2,133.0,0,82,33.2,1,0,0,0.0,46,MF
Lewis,Payne,0,0,0,0,0,0.0,0.0,0.0,0,0,0.0,0,0,0,0.0,45,MF
Ryan,Finnigan,0,0,0,0,0,0.0,0.0,0.0,0,0,0.0,0,0,0,0.0,45,MF
Jimmy,Morgan,0,0,0,0,0,0.0,0.0,0.0,0,0,0.0,0,0,0,0.0,45,FW
Mislav,Orsic,0,0,1,6,0,0.3,2.0,0.0,0,4,0.2,0,0,0,0.0,51,MF
Carlos,Alcaraz,4,2,55,1024,25,64.4,199.0,190.0,4,155,45.1,0,0,3,0.0,50,MF
James,Bree,0,0,4,366,12,65.3,49.2,4.0,0,51,11.7,0,0,1,0.0,45,DF
Kamaldeen,Sulemana,2,1,45,959,20,175.5,105.2,164.0,3,133,44.5,3,0,1,0.0,49,MF
Paul,Onuachu,0,0,14,401,7,52.8,30.2,126.0,0,23,20.6,1,0,0,0.0,53,FW
Kamari,Doyle,0,0,1,6,0,0.3,0.0,0.0,0,1,0.0,0,0,0,0.0,45,MF
Dominic,Ballard,0,0,2,24,0,0.3,1.0,0.0,0,4,0.1,0,0,0,0.0,45,FW
Samuel,Amo-Ameyaw,0,0,1,3,0,0.0,0.0,0.0,0,6,0.0,0,0,0,0.0,45,MF
Hugo,Lloris,0,0,89,2205,39,0.0,540.0,0.0,12,456,54.0,7,0,0,3.2,54,GK
Fraser,Forster,0,0,40,1215,24,0.0,256.8,0.0,1,222,25.8,3,0,1,4.4,39,GK
Harry,Kane,30,9,263,3406,62,744.8,1256.6,1707.0,48,1008,371.0,11,0,6,32.7,115,FW
Son,Heung-min,10,6,152,2886,55,829.3,709.2,910.0,8,471,244.7,9,0,2,6.4,115,MF
Matt,Doherty,1,0,35,663,9,110.5,147.0,146.0,2,147,40.3,3,0,0,0.3,46,DF
Eric,Dier,2,1,96,2816,52,112.3,653.2,235.0,5,569,100.1,9,0,3,4.8,50,DF
Lucas,Rodrigues Moura da Silva,1,0,17,145,5,55.8,29.0,43.0,0,55,12.7,0,1,0,0.2,58,MF
Ben,Davies,2,3,99,2284,33,276.9,407.8,172.0,3,470,85.8,9,0,4,1.0,47,DF
Pierre-Emile,Højbjerg,4,5,120,3131,57,501.7,758.0,237.0,10,629,150.0,10,0,5,1.8,53,MF
Harry,Winks,0,0,0,0,0,0.0,0.0,0.0,0,0,0.0,0,0,0,0.5,44,MF
Davinson,Sánchez,0,0,28,848,17,29.9,180.6,52.0,1,166,26.3,2,0,1,0.5,42,DF
Ryan,Sessegnon,2,1,35,805,15,103.0,148.6,290.0,0,121,54.3,1,0,4,0.5,44,DF
Steven,Bergwijn,0,0,0,0,0,0.0,0.0,0.0,0,0,0.0,0,0,0,0.0,55,MF
Sergio,Reguilón,0,0,0,0,0,0.0,0.0,0.0,0,0,0.0,0,0,0,0.3,42,DF
Japhet,Tanganga,0,0,4,145,5,6.2,27.6,0.0,0,32,3.3,0,0,0,2.5,38,DF
Rodrigo,Bentancur,5,2,71,1501,24,180.2,489.6,236.0,7,342,90.7,6,0,8,0.3,53,MF
Oliver,Skipp,1,0,43,1489,28,146.1,198.2,52.0,1,199,39.8,4,0,7,0.1,43,MF
Joe,Rodon,0,0,0,0,0,0.0,0.0,0.0,0,0,0.0,0,0,0,0.0,40,DF
Cristian,Romero,0,2,66,2363,41,136.2,546.2,91.0,3,447,77.3,8,1,9,1.4,49,DF
Yves,Bissouma,0,0,27,998,20,135.0,111.0,23.0,0,176,26.8,1,0,6,0.2,47,MF
Emerson,Leite de Souza Junior,2,2,86,1729,27,178.9,376.2,230.0,9,402,78.7,7,1,2,1.8,48,DF
Dejan,Kulusevski,2,7,96,2062,40,627.6,409.2,514.0,5,310,154.7,8,0,2,3.6,78,MF
Dane,Scarlett,0,0,0,0,0,0.0,0.0,0.0,0,0,0.0,0,0,0,0.0,45,FW
Ivan,Perišić,1,8,94,2099,44,732.8,517.8,394.0,6,430,164.2,6,0,6,14.7,53,DF
Harvey,White,0,0,1,4,0,7.3,2.0,0.0,0,4,0.9,0,0,0,0.3,44,MF
Pape Matar,Sarr,0,1,14,211,11,16.0,30.4,4.0,0,60,5.0,0,0,1,0.5,42,MF
Brandon,Austin,0,0,0,0,0,0.0,0.0,0.0,0,0,0.0,0,0,0,0.3,39,GK
Alfie,Devine,0,0,0,0,0,0.0,0.0,0.0,0,0,0.0,0,0,0,0.1,43,MF
Troy,Parrott,0,0,0,0,0,0.0,0.0,0.0,0,0,0.0,0,0,0,0.0,45,FW
Richarlison,de Andrade,1,5,54,995,18,221.0,201.6,401.0,2,165,82.0,3,0,3,0.8,84,FW
Clément,Lenglet,0,2,63,2018,35,136.1,380.8,130.0,6,387,64.7,5,0,4,0.3,48,DF
Djed,Spence,0,0,4,5,0,1.3,0.2,20.0,0,10,2.2,0,0,0,0.2,41,DF
Bryan,Gil Salvatierra,0,1,9,146,1,27.5,30.4,27.0,0,22,8.5,1,0,1,0.0,50,MF
Arnaut,Danjuma,1,0,15,162,5,25.1,53.2,71.0,0,43,14.8,0,0,0,0.0,61,MF
Pedro,Porro,3,3,59,1132,26,377.9,268.6,150.0,5,253,79.6,2,0,0,1.1,48,DF
Romaine,Mundle,0,0,0,0,0,0.0,0.0,0.0,0,0,0.0,0,0,0,0.0,45,MF
George,Abbott,0,0,1,1,0,0.0,0.0,0.0,0,3,0.0,0,0,0,0.0,45,MF
Matthew,Craig,0,0,1,13,0,0.0,0.0,0.0,0,3,0.0,0,0,0,0.0,45,MF
Yago,de Santiago Alonso,0,0,0,0,0,0.0,0.0,0.0,0,0,0.0,0,0,0,0.0,45,MF
Danny,Ings,8,2,97,1579,26,186.0,398.4,604.0,13,317,118.6,5,0,4,1.4,63,FW
Lukasz,Fabianski,0,0,127,3111,48,0.0,755.6,0.0,10,622,75.4,9,0,1,1.2,49,GK
Angelo,Ogbonna,0,0,44,1234,19,35.2,212.8,24.0,4,217,27.4,4,0,0,0.1,44,DF
Aaron,Cresswell,0,1,74,2235,32,632.9,411.6,81.0,8,439,113.0,6,0,3,1.5,47,DF
Michail,Antonio,5,3,84,1822,29,207.7,305.8,559.0,4,222,107.0,5,0,2,1.5,69,FW
Manuel,Lanzini,1,0,17,243,5,21.9,50.6,37.0,1,63,10.8,0,0,0,0.1,50,MF
Kurt,Zouma,2,1,88,1988,29,18.7,415.0,239.0,8,385,67.4,7,0,0,1.4,44,DF
Arthur,Masuaku,0,0,0,0,0,0.0,0.0,0.0,0,0,0.0,0,0,0,0.0,45,DF
Vladimir,Coufal,0,2,58,2135,35,330.5,361.6,54.0,2,327,74.9,4,0,5,1.0,40,DF
Saïd,Benrahma,6,3,106,2059,32,613.9,510.0,653.0,5,360,177.7,6,0,0,1.1,55,MF
Jarrod,Bowen,6,9,145,3232,50,674.8,625.8,1076.0,9,431,237.9,9,0,2,3.3,80,MF
Nikola,Vlasic,0,0,0,0,0,0.0,0.0,0.0,0,0,0.0,0,0,0,0.0,50,MF
Declan,Rice,4,3,116,3272,50,522.4,777.6,226.0,12,622,152.7,9,0,5,3.2,47,MF
Tomas,Soucek,2,4,100,2811,42,230.1,565.6,472.0,6,364,127.1,8,0,3,0.6,50,MF
Pablo,Fornals Malla,3,1,71,1493,28,281.0,226.6,182.0,6,282,68.7,1,0,0,0.3,49,MF
Ben,Johnson,0,0,29,860,13,76.8,161.6,20.0,1,164,25.9,2,0,0,0.1,44,DF
Nayef,Aguerd,2,0,58,1594,28,67.5,404.4,113.0,5,320,58.5,5,0,4,0.4,48,DF
Alphonse,Areola,0,0,7,307,7,0.0,69.4,0.0,0,42,6.8,0,0,0,0.9,43,GK
Flynn,Downes,0,0,27,752,14,28.9,55.8,51.0,0,104,13.4,1,0,2,0.3,42,MF
Gianluca,Scamacca,3,0,41,921,12,160.7,151.8,312.0,7,110,62.0,3,0,3,0.6,66,FW
Emerson,Palmieri dos Santos,1,0,39,1317,28,188.8,224.8,178.0,2,209,59.4,2,0,2,1.3,40,DF
Conor,Coventry,0,0,1,1,0,0.0,0.0,0.0,0,3,0.0,0,0,0,0.1,44,MF
Armstrong,Oko-Flex,0,0,0,0,0,0.0,0.0,0.0,0,0,0.0,0,0,0,0.0,44,MF
Maxwel,Cornet,0,0,14,232,5,28.7,27.2,62.0,0,22,11.3,0,0,0,0.1,59,MF
Thilo,Kehrer,0,3,67,2229,34,126.2,347.6,83.0,4,362,56.0,5,0,4,0.2,43,DF
Lucas,Tolentino Coelho de Lima,4,5,98,2154,39,446.5,496.8,473.0,8,395,142.0,6,0,5,0.9,59,MF
Divin,Mubama,0,0,3,36,0,11.4,2.4,0.0,0,7,1.4,0,0,0,0.1,45,FW
Joseph,Anang,0,0,0,0,0,0.0,0.0,0.0,0,0,0.0,0,0,0,0.0,40,GK
Krisztián,Hegyi,0,0,0,0,0,0.0,0.0,0.0,0,0,0.0,0,0,0,0.0,39,GK
Kaelan,Casey,0,0,0,0,0,0.0,0.0,0.0,0,0,0.0,0,0,0,0.0,40,DF
Craig,Dawson,1,1,75,2134,31,37.2,455.6,145.0,7,390,64.0,7,0,6,0.8,48,DF
Raúl,Jiménez,0,2,29,839,18,116.0,74.6,273.0,0,65,46.3,2,0,0,0.3,65,FW
Jonathan,Castro Otto,1,0,45,1257,21,118.2,233.2,83.0,0,219,43.7,5,1,3,0.3,43,DF
José,Malheiro de Sá,0,0,148,3240,55,0.0,845.6,0.0,18,683,84.7,11,0,2,5.1,50,GK
Rúben,da Silva Neves,6,2,118,3020,48,474.7,788.8,347.0,16,558,161.0,10,0,12,1.5,52,MF
Hwang,Hee-chan,3,2,60,1117,18,138.8,194.0,242.0,3,156,57.5,3,0,1,0.2,57,MF
Nélson,Cabral Semedo,0,1,75,2633,43,226.5,443.4,79.0,5,424,74.4,8,1,11,0.6,50,DF
Daniel,Castelo Podence,6,1,92,1760,31,512.8,376.0,580.0,10,249,146.8,6,0,5,0.7,51,MF
Max,Kilman,0,1,109,3307,56,66.9,739.8,106.0,12,622,91.6,11,0,3,3.1,43,DF
Luke,Cundle,0,0,0,0,0,0.0,0.0,0.0,0,0,0.0,0,0,0,0.2,44,MF
Pedro,Lomba Neto,0,2,37,962,15,309.5,96.8,203.0,0,124,60.9,5,0,1,1.6,49,MF
Rayan,Aït-Nouri,1,0,41,1067,18,130.5,195.0,156.0,0,194,48.3,4,0,4,0.7,41,DF
Fabio,Silva,0,0,0,0,0,0.0,0.0,0.0,0,0,0.0,0,0,0,0.0,55,FW
Toti António,Gomes,1,0,43,978,14,74.3,225.2,65.0,4,201,36.5,4,0,6,2.9,39,DF
Francisco Jorge,Tomás Oliveira,0,0,0,0,0,0.0,0.0,0.0,0,0,0.0,0,0,0,0.0,50,MF
Adama,Traoré Diarra,2,4,66,1477,30,370.0,253.6,258.0,0,228,87.9,2,0,2,0.2,53,MF
Matija,Šarkić,0,0,0,0,0,0.0,0.0,0.0,0,0,0.0,0,0,0,1.4,39,GK
Yerson,Mosquera Valdelamar,0,0,0,0,0,0.0,0.0,0.0,0,0,0.0,0,0,0,0.8,39,DF
João Filipe Iria,Santos Moutinho,0,2,56,1773,28,537.7,309.8,142.0,0,297,99.2,6,0,3,0.3,46,MF
Nathan,Collins,0,0,49,1811,37,37.9,419.0,29.0,6,326,48.9,4,1,2,0.5,42,DF
Jackson,Smith,0,0,0,0,0,0.0,0.0,0.0,0,0,0.0,0,0,0,0.7,39,GK
Hugo,Bueno López,0,1,41,1307,29,254.8,221.2,74.0,3,239,55.3,3,0,1,3.6,38,DF
Joseph,Hodge,0,0,5,172,5,16.2,14.4,26.0,0,17,5.7,0,0,1,0.0,43,MF
Connor,Ronan,0,0,1,1,0,0.4,0.6,0.0,0,3,0.1,0,0,0,0.1,44,MF
Chem,Campbell,0,0,5,68,2,3.0,5.6,16.0,0,9,2.4,0,0,0,0.3,44,MF
Gonçalo Manuel,Ganchinho Guedes,1,1,29,703,12,139.6,89.4,223.0,1,85,45.1,2,0,1,0.2,58,MF
Matheus Luiz,Nunes,1,1,80,2467,38,405.0,370.2,310.0,5,338,108.6,11,1,2,0.1,48,MF
Sasa,Kalajdzic,0,0,1,45,0,0.0,0.0,9.0,0,-1,0.7,0,0,0,0.0,53,FW
Diego,Da Silva Costa,1,0,33,1235,17,144.3,96.8,504.0,3,40,73.3,6,1,5,0.3,53,FW
Boubacar,Traoré,0,1,14,405,9,16.6,49.6,7.0,0,44,7.4,0,0,2,0.1,43,MF
Nathan,Fraser,0,0,0,0,0,0.0,0.0,0.0,0,0,0.0,0,0,0,0.1,45,FW
Harvey,Griffiths,0,0,0,0,0,0.0,0.0,0.0,0,0,0.0,0,0,0,0.0,44,MF
Dexter,Lembikisa,0,0,1,22,1,0.8,1.4,0.0,0,3,0.2,0,0,0,0.0,40,DF
Matheus,Santos Carneiro Da Cunha,2,0,39,961,12,95.1,143.0,217.0,6,122,45.1,5,0,1,0.1,53,FW
Mario,Lemina,0,1,35,1297,28,65.0,200.4,36.0,0,196,30.1,5,1,2,0.0,45,MF
Pablo,Sarabia,1,0,27,764,9,184.7,92.0,157.0,3,57,43.0,3,0,3,0.1,49,MF
Daniel,Bentley,0,0,6,180,3,0.0,70.2,0.0,0,45,7.0,0,0,0,0.0,40,GK
João Victor,Gomes da Silva,1,0,21,649,18,72.0,133.0,46.0,2,84,24.9,2,0,5,0.0,45,MF