Folarin Balogun,0,0,0,0,0,0,0,0,0,0,0,0,0.00,0.00,0.00,0.00,0,44,-1,0.2,Balogun
Gabriel Fernando de Jesus,493,1,1,4,4,0,0,0,2,0,0,6,2.74,0.35,3.09,5.41,22,79,-1,3.2,G.Jesus
Eddie Nketiah,813,5,2,6,6,0,0,0,2,0,0,9,3.70,0.31,4.01,6.27,52,56,1,8.9,Nketiah
Keinan Davis,0,0,0,0,0,0,0,0,0,0,0,0,0.00,0.00,0.00,0.00,0,49,-1,0.1,Davis
Jhon Durán,69,2,0,0,0,0,0,0,2,0,0,0,0.74,0.01,0.75,1.16,16,50,0,0.2,Duran
Ollie Watkins,1130,7,8,2,18,0,0,0,2,0,0,13,7.56,1.63,9.19,17.31,85,84,4,37.9,Watkins
Wesley Moraes Ferreira da Silva,0,0,0,0,0,0,0,0,0,0,0,0,0.00,0.00,0.00,0.00,0,50,0,0.0,Wesley
Kieffer Moore,83,0,0,0,1,0,0,0,0,0,0,0,0.47,0.31,0.78,1.69,5,47,-3,0.2,Moore
Antoine Semenyo,486,2,2,2,11,0,0,0,1,0,0,6,1.13,0.54,1.67,9.60,32,46,1,3.3,Semenyo
Dominic Solanke,1158,6,1,2,26,0,0,0,1,0,0,13,5.90,0.77,6.67,24.39,58,65,0,5.7,Solanke
Halil Dervişoğlu,0,0,0,0,0,0,0,0,0,0,0,0,0.00,0.00,0.00,0.00,0,45,0,0.0,Dervişoğlu
Ivan Toney,0,0,0,0,0,0,0,0,0,0,0,0,0.00,0.00,0.00,0.00,0,79,-1,0.1,Toney
Yoane Wissa,1153,3,2,5,15,0,0,0,1,0,0,14,5.11,0.48,5.59,15.43,52,59,-1,9.2,Wissa
Neal Maupay,480,2,2,2,9,0,0,0,2,0,0,4,4.49,0.57,5.06,7.46,31,49,-1,1.2,Maupay
Aaron Connolly,0,0,0,0,0,0,0,0,0,0,0,0,0.00,0.00,0.00,0.00,0,45,0,0.0,Connolly
Evan Ferguson,653,6,0,1,15,0,0,0,1,0,0,8,2.98,0.56,3.54,12.27,46,61,1,8.3,Ferguson
João Pedro Junqueira de Jesus,647,4,1,1,13,0,0,0,1,0,0,4,3.75,1.53,5.28,11.19,42,53,-2,9.4,João Pedro
Deniz Undav,0,0,0,0,0,0,0,0,0,0,0,0,0.00,0.00,0.00,0.00,0,55,0,0.0,Undav
Danny Welbeck,407,1,0,2,7,0,0,0,1,0,0,7,1.07,0.37,1.44,6.50,15,57,-3,0.6,Welbeck
Andi Zeqiri,0,0,0,0,0,0,0,0,0,0,0,0,0.00,0.00,0.00,0.00,0,44,-1,0.5,Zeqiri
Mark O’Mahony,0,0,0,0,0,0,0,0,0,0,0,0,0.00,0.00,0.00,0.00,0,45,0,0.0,O’Mahony
Lyle Foster,609,3,2,1,19,0,0,0,0,1,0,7,1.56,0.48,2.04,13.54,33,49,-1,0.8,Foster
Michael Obafemi,19,0,0,0,0,0,0,0,0,0,0,0,0.11,0.01,0.12,0.03,2,49,-1,0.0,Obafemi
Jay Rodriguez,458,2,0,1,10,0,0,0,0,0,0,4,2.03,0.06,2.09,6.82,24,53,-2,0.3,Rodriguez
Wout Weghorst,0,0,0,0,0,0,0,0,0,0,0,0,0.00,0.00,0.00,0.00,0,55,0,0.0,Weghorst
Zeki Amdouni,888,2,1,3,18,0,0,0,1,0,0,13,2.21,0.59,2.80,16.35,37,53,-2,0.2,Amdouni
Pierre-Emerick Aubameyang,0,0,0,0,0,0,0,0,0,0,0,0,0.00,0.00,0.00,0.00,0,65,0,0.0,Aubameyang
Armando Broja,142,1,1,1,2,0,0,0,0,0,0,2,0.58,0.04,0.62,1.44,13,49,-1,0.2,Broja
David Datro Fofana,0,0,0,0,0,0,0,0,0,0,0,0,0.00,0.00,0.00,0.00,0,50,0,0.0,D.D.Fofana
Romelu Lukaku Bolingoli,0,0,0,0,0,0,0,0,0,0,0,0,0.00,0.00,0.00,0.00,0,68,-2,0.3,Lukaku
Nicolas Jackson,916,6,0,3,17,0,0,0,7,0,0,10,7.38,1.14,8.52,14.49,44,69,-1,6.2,N.Jackson
Christopher Nkunku,0,0,0,0,0,0,0,0,0,0,0,0,0.00,0.00,0.00,0.00,0,73,-2,0.6,Nkunku
Mason Burstow,8,0,0,0,1,0,0,0,0,0,0,0,0.00,0.00,0.00,0.90,2,45,0,0.1,Burstow
Deivid Washington de Souza Eugênio,9,0,0,0,1,0,0,0,0,0,0,0,0.47,0.00,0.47,1.64,1,45,0,0.1,Deivid
Ronnie Stutter,0,0,0,0,0,0,0,0,0,0,0,0,0.00,0.00,0.00,0.00,0,45,0,0.0,Stutter
Odsonne Edouard,1022,5,0,4,13,0,0,0,2,0,0,12,4.33,0.52,4.85,13.18,48,55,0,4.2,Edouard
Jean-Philippe Mateta,391,0,3,2,9,0,0,0,1,0,0,3,0.46,0.52,0.98,9.65,22,49,-1,0.5,Mateta
Luke Plange,0,0,0,0,0,0,0,0,0,0,0,0,0.00,0.00,0.00,0.00,0,45,0,0.0,Plange
John-Kymani Gordon,0,0,0,0,0,0,0,0,0,0,0,0,0.00,0.00,0.00,0.00,0,45,0,0.0,Gordon
Ademola Ola-Adebomi,0,0,0,0,0,0,0,0,0,0,0,0,0.00,0.00,0.00,0.00,0,45,0,0.0,Ola-Adebomi
Dominic Calvert-Lewin,654,3,0,3,11,0,0,0,0,0,0,8,3.47,0.22,3.69,10.56,32,58,-2,1.4,Calvert-Lewin
Ellis Simms,0,0,0,0,0,0,0,0,0,0,0,0,0.00,0.00,0.00,0.00,0,45,0,0.0,Simms
Youssef Ramalho Chermiti,46,0,0,0,2,0,0,0,1,0,0,0,0.29,0.03,0.32,1.47,6,49,-1,0.1,Y. Chermiti
Thomas Cannon,1,0,0,0,0,0,0,0,0,0,0,0,0.00,0.00,0.00,0.28,1,45,0,0.0,Cannon
Norberto Bercique Gomes Betuncal,378,0,0,2,5,0,0,0,0,0,0,4,1.69,0.11,1.80,4.72,13,57,-3,0.1,Beto
Aleksandar Mitrović,32,0,0,0,0,0,0,0,0,0,0,0,0.16,0.02,0.18,0.60,1,74,-1,0.7,Mitrović
Rodrigo Muniz Carvalho,132,0,0,1,2,0,0,0,1,0,0,1,0.35,0.04,0.39,2.52,5,44,-1,0.5,Muniz
Carlos Vinícius Alves Morais,242,1,0,0,3,0,0,0,2,0,0,2,0.67,0.06,0.73,3.88,13,47,-3,1.6,Vinícius
Raúl Jiménez,754,1,0,2,18,0,0,0,2,0,0,10,1.88,0.40,2.28,17.05,23,52,-3,0.6,Raúl
Jay Stansfield,0,0,0,0,0,0,0,0,0,0,0,0,0.00,0.00,0.00,0.00,0,45,0,0.0,Stansfield
Darwin Núñez Ribeiro,680,4,6,3,5,0,0,0,2,0,0,7,5.58,0.99,6.57,8.72,55,77,2,19.7,Darwin
Cody Gakpo,473,2,0,1,6,0,0,0,0,0,0,6,2.67,0.25,2.92,6.96,25,72,-3,2.3,Gakpo
Elijah Adebayo,423,2,0,0,10,0,0,0,1,0,0,4,1.27,0.21,1.48,10.02,27,48,-2,0.6,Adebayo
John McAtee,0,0,0,0,0,0,0,0,0,0,0,0,0.00,0.00,0.00,0.00,0,45,0,0.6,McAtee
Carlton Morris,1143,3,2,2,23,0,0,0,1,0,0,14,3.97,0.63,4.60,26.59,52,53,-2,3.3,Morris
Admiral Muskwe,0,0,0,0,0,0,0,0,0,0,0,0,0.00,0.00,0.00,0.00,0,45,0,0.1,Muskwe
Chiedozie Ogbene,908,1,1,1,17,0,0,0,0,0,0,10,0.90,1.78,2.68,22.13,32,49,-1,0.2,Ogbene
Aribim Pepple,0,0,0,0,0,0,0,0,0,0,0,0,0.00,0.00,0.00,0.00,0,45,0,0.1,Pepple
Joe Taylor,0,0,0,0,0,0,0,0,0,0,0,0,0.00,0.00,0.00,0.00,0,45,0,0.1,Taylor
Cauley Woodrow,74,0,0,0,2,0,0,0,0,0,0,0,0.61,0.44,1.05,1.60,7,44,-1,0.9,Woodrow
Jacob Brown,627,2,1,0,17,0,0,0,2,0,0,7,2.44,0.33,2.77,19.62,31,49,-1,0.2,Brown
Julián Álvarez,1076,4,6,5,10,0,0,0,2,0,0,13,3.67,2.65,6.32,9.63,68,70,5,29.7,J.Alvarez
Erling Haaland,1114,14,3,4,12,0,0,1,0,0,0,13,13.35,0.95,14.30,11.08,103,140,0,83.8,Haaland
Anthony Martial,384,1,1,1,5,0,0,0,0,0,0,4,1.20,0.12,1.32,7.92,24,64,-1,0.4,Martial
Shola Shoretire,0,0,0,0,0,0,0,0,0,0,0,0,0.00,0.00,0.00,0.00,0,44,-1,0.3,Shoretire
Rasmus Højlund,675,0,0,3,9,0,0,0,0,0,0,8,2.65,0.32,2.97,10.70,18,70,0,3.5,Højlund
Joe Hugill,0,0,0,0,0,0,0,0,0,0,0,0,0.00,0.00,0.00,0.00,0,45,0,0.0,Hugill
Alexander Isak,661,7,0,3,7,0,0,0,0,0,0,8,6.42,0.80,7.22,7.79,54,75,0,14.9,Isak
Callum Wilson,479,7,0,4,7,0,0,0,1,0,0,5,6.06,0.11,6.17,4.67,46,78,-2,3.7,Wilson
Ben Parkinson,24,0,0,0,1,0,0,0,0,0,0,0,0.00,0.00,0.00,1.76,1,45,0,0.0,Parkinson
Michael Ndiweni,1,0,0,0,0,0,0,0,0,0,0,0,0.00,0.00,0.00,0.00,1,45,0,0.0,Ndiweni
Taiwo Awoniyi,664,4,2,2,11,0,0,0,1,0,0,8,3.72,0.40,4.12,10.03,42,64,-1,1.6,Awoniyi
Emmanuel Dennis,0,0,0,0,0,0,0,0,0,0,0,0,0.00,0.00,0.00,0.00,0,48,-2,0.2,Dennis
Sam Surridge,0,0,0,0,0,0,0,0,0,0,0,0,0.00,0.00,0.00,0.00,0,45,0,0.1,Surridge
Hwang Ui-jo,0,0,0,0,0,0,0,0,0,0,0,0,0.00,0.00,0.00,0.00,0,44,-1,0.4,Ui-jo
Chris Wood,398,3,0,1,7,0,0,0,0,0,0,4,2.41,0.16,2.57,7.44,33,49,-1,0.8,Wood
Divock Origi,94,0,0,0,0,0,0,0,1,0,0,0,0.14,0.16,0.30,1.93,6,50,0,0.1,Origi
Cameron Archer,851,2,1,0,27,0,0,0,2,0,0,10,0.71,0.36,1.07,20.48,36,46,1,10.4,Archer
Rhian Brewster,163,0,0,0,5,0,0,0,0,0,0,2,0.03,0.05,0.08,3.67,5,49,-1,0.0,Brewster
Daniel Jebbison,0,0,0,0,0,0,0,0,0,0,0,0,0.00,0.00,0.00,0.00,0,48,-2,0.0,Jebbison
Oliver McBurnie,520,2,1,0,17,0,0,0,1,2,0,6,2.38,0.81,3.18,14.49,17,54,-1,0.1,McBurnie
Iliman Ndiaye,0,0,0,0,0,0,0,0,0,0,0,0,0.00,0.00,0.00,0.00,0,55,0,0.0,Ndiaye
William Osula,288,0,0,0,6,0,0,0,3,0,0,3,0.64,0.08,0.72,7.32,6,43,-2,1.4,Osula
Bénie Traoré,368,0,0,0,12,0,0,0,0,0,0,3,0.27,0.46,0.73,10.67,10,52,-3,0.0,T.Bénie
Louie Marsh,0,0,0,0,0,0,0,0,0,0,0,0,0.00,0.00,0.00,0.00,0,45,0,0.0,Marsh
Antwoine Hackford,11,0,0,0,1,0,0,0,0,0,0,0,0.00,0.00,0.00,0.12,2,45,0,0.1,Hackford
Harry Kane,0,0,0,0,0,0,0,0,0,0,0,0,0.00,0.00,0.00,0.00,0,125,0,0.6,Kane
Dane Scarlett,0,0,0,0,0,0,0,0,0,0,0,0,0.00,0.00,0.00,0.00,0,45,0,0.1,Scarlett
Alejo Véliz,14,0,0,0,0,0,0,0,1,0,0,0,0.00,0.00,0.00,0.90,3,54,-1,0.1,Veliz
Jamie Donley,0,0,0,0,0,0,0,0,0,0,0,0,0.00,0.00,0.00,0.00,0,45,0,0.0,Donley
Michail Antonio,812,2,2,4,13,0,0,0,2,0,0,11,1.74,1.17,2.91,16.52,38,57,-3,2.4,Antonio
Danny Ings,129,0,0,0,5,0,0,0,1,0,0,1,0.12,0.01,0.13,3.82,9,56,-4,0.7,Ings
Divin Mubama,28,0,0,0,0,0,0,0,0,0,0,0,0.00,0.00,0.00,0.12,1,43,-2,6.7,Mubama
Gianluca Scamacca,0,0,0,0,0,0,0,0,0,0,0,0,0.00,0.00,0.00,0.00,0,60,0,0.0,Scamacca
Fábio Silva,259,0,0,1,8,0,0,0,2,0,0,3,1.12,0.09,1.21,7.20,8,53,-2,0.2,Fábio Silva
Sasa Kalajdzic,157,2,0,1,2,0,0,0,0,0,0,1,1.01,0.26,1.27,2.57,23,49,-1,0.2,Kalajdžić
Matheus Santos Carneiro Da Cunha,1153,4,2,1,22,0,0,0,2,0,0,14,3.68,1.40,5.08,21.41,51,55,0,1.6,Cunha
Nathan Fraser,0,0,0,0,0,0,0,0,0,0,0,0,0.00,0.00,0.00,0.00,0,45,0,0.1,Fraser
Cédric Alves Soares,0,0,0,0,0,0,0,0,0,0,0,0,0.00,0.00,0.00,0.00,0,39,-1,0.4,Cédric
Gabriel dos Santos Magalhães,924,0,0,4,8,0,0,0,1,0,0,10,0.75,0.14,0.89,9.32,37,49,-1,15.8,Gabriel
Jakub Kiwior,183,0,0,1,2,0,0,0,0,0,0,2,0.32,0.05,0.37,0.87,10,43,-2,0.1,Kiwior
William Saliba,1260,1,1,6,11,0,0,0,1,0,0,14,0.71,0.50,1.21,11.37,62,55,5,35.6,Saliba
Kieran Tierney,0,0,0,0,0,0,0,0,0,0,0,0,0.00,0.00,0.00,0.00,0,44,-1,0.1,Tierney
Takehiro Tomiyasu,583,1,1,3,4,0,0,0,0,1,0,5,0.48,0.38,0.86,6.46,38,45,0,0.7,Tomiyasu
Benjamin White,959,1,1,5,10,0,0,0,2,0,0,11,0.56,0.82,1.38,9.37,55,57,2,12.4,White
Oleksandr Zinchenko,843,1,1,5,7,0,0,0,1,0,0,10,0.36,1.39,1.75,7.34,58,51,1,10.9,Zinchenko
Jurriën Timber,49,0,0,0,0,0,0,0,1,0,0,1,0.00,0.01,0.01,0.28,0,46,-4,0.5,J.Timber
Reuell Walters,0,0,0,0,0,0,0,0,0,0,0,0,0.00,0.00,0.00,0.00,0,40,0,0.0,Walters
Alexandre Moreno Lopera,0,0,0,0,0,0,0,0,0,0,0,0,0.00,0.00,0.00,0.00,0,50,0,0.1,Alex Moreno
Matty Cash,1068,2,1,3,16,1,0,0,4,0,0,13,3.52,1.31,4.83,15.74,45,50,5,28.6,Cash
Calum Chambers,0,0,0,0,0,0,0,0,0,0,0,0,0.00,0.00,0.00,0.00,0,39,-1,1.0,Chambers
Diego Carlos Santos Silva,363,0,0,0,7,0,0,0,0,0,0,4,0.48,0.03,0.51,6.34,10,44,-1,0.3,Diego Carlos
Lucas Digne,1160,0,3,2,18,0,0,0,4,0,0,13,0.23,2.52,2.75,17.58,37,47,2,6.3,Digne
Kortney Hause,0,0,0,0,0,0,0,0,0,0,0,0,0.00,0.00,0.00,0.00,0,40,0,0.2,Hause
Ezri Konsa Ngoyo,1170,0,1,2,18,0,0,0,2,0,0,13,0.70,0.27,0.97,18.03,33,45,0,1.4,Konsa
Tyrone Mings,30,0,0,0,2,0,0,0,0,0,0,1,0.01,0.16,0.17,1.08,0,41,-4,1.3,Mings
Pau Torres,1139,2,0,2,16,0,0,0,0,0,0,12,0.84,0.29,1.13,16.95,46,46,1,4.5,Pau
Clément Lenglet,0,0,0,0,0,0,0,0,0,0,0,0,0.00,0.00,0.00,0.00,0,45,0,0.1,Lenglet
Ryan Fredericks,0,0,0,0,0,0,0,0,0,0,0,0,0.00,0.00,0.00,0.00,0,43,-2,0.0,Fredericks
James Hill,15,0,0,0,0,0,0,0,0,0,0,0,0.00,0.01,0.01,0.19,1,40,0,0.1,Hill
Lloyd Kelly,681,0,0,2,14,0,0,0,1,0,0,8,0.12,0.15,0.27,10.98,20,45,0,0.1,Kelly
Chris Mepham,168,0,0,0,5,0,0,0,1,0,0,2,0.09,0.03,0.12,2.98,3,43,-2,0.1,Mepham
Marcos Senesi,665,0,1,1,18,0,0,0,2,0,0,7,0.00,0.37,0.37,16.86,16,43,-2,0.1,Senesi
Adam Smith,209,0,1,0,5,0,0,0,0,0,0,2,0.00,0.53,0.53,4.74,9,44,-1,0.0,Smith
Illia Zabarnyi,1170,0,0,2,28,0,0,0,2,0,0,13,0.28,0.08,0.36,25.40,21,44,-1,0.1,Zabarnyi
Milos Kerkez,898,0,0,1,25,1,0,0,1,0,0,10,0.18,0.47,0.65,22.45,14,44,-1,0.2,Kerkez
Ben Greenwood,0,0,0,0,0,0,0,0,0,0,0,0,0.00,0.00,0.00,0.00,0,40,0,0.2,Greenwood
Max Aarons,949,0,1,2,24,0,0,0,1,0,0,11,0.02,0.75,0.77,21.05,23,45,0,0.2,Aarons
Kristoffer Ajer,723,0,1,2,13,0,0,0,4,0,0,8,0.74,1.85,2.59,11.83,22,45,0,0.4,Ajer
Mads Bech Sørensen,0,0,0,0,0,0,0,0,0,0,0,0,0.00,0.00,0.00,0.00,0,40,0,0.1,Bech
Nathan Collins,999,1,1,3,15,0,0,0,2,0,0,11,0.55,0.55,1.10,14.48,40,45,0,0.6,Collins
Charlie Goode,0,0,0,0,0,0,0,0,0,0,0,0,0.00,0.00,0.00,0.00,0,39,-1,0.2,Goode
Rico Henry,401,0,1,1,5,0,0,0,1,0,0,5,0.07,0.90,0.97,5.12,13,43,-2,1.1,Henry
Aaron Hickey,713,0,0,2,12,0,0,0,5,0,0,9,0.20,0.13,0.33,10.20,17,44,-1,0.2,Hickey
Ben Mee,422,1,1,0,8,0,0,0,0,0,0,5,0.25,0.47,0.72,6.75,21,48,-2,1.7,Mee
Ethan Pinnock,1260,1,0,3,19,0,0,0,0,0,0,14,1.34,0.38,1.72,18.25,45,46,1,4.5,Pinnock
Mads Roerslev Rasmussen,429,0,0,1,6,0,0,0,0,0,0,4,0.06,0.33,0.39,7.58,17,44,-1,0.1,Roerslev
Mathias Jorgensen,7,0,0,0,0,0,0,0,0,0,0,0,0.00,0.12,0.12,0.12,2,43,-2,0.1,Zanka
Ji-Soo Kim,0,0,0,0,0,0,0,0,0,0,0,0,0.00,0.00,0.00,0.00,0,40,0,0.0,Kim Ji-Soo
Valintino Adedokun,0,0,0,0,0,0,0,0,0,0,0,0,0.00,0.00,0.00,0.00,0,40,0,0.0,Adedokun
Lewis Dunk,1062,1,0,0,22,0,0,0,3,1,0,12,1.71,1.41,3.12,19.26,18,50,0,3.0,Dunk
Pervis Estupiñán,495,1,3,0,10,1,0,0,2,0,0,6,0.90,1.47,2.37,10.66,25,50,0,16.0,Estupiñan
Michał Karbownik,0,0,0,0,0,0,0,0,0,0,0,0,0.00,0.00,0.00,0.00,0,40,0,0.0,Karbownik
Tariq Lamptey,171,0,2,0,6,0,0,0,2,0,0,2,0.02,0.09,0.11,2.18,9,40,0,6.0,Lamptey
Jan Paul van Hecke,568,0,0,0,7,0,0,0,1,0,0,6,0.18,0.07,0.25,7.75,13,40,0,1.9,Van Hecke
Joël Veltman,775,0,1,0,17,0,0,0,1,0,0,7,0.23,0.26,0.49,13.79,17,44,-1,0.9,Veltman
Adam Webster,540,0,0,0,13,1,0,0,1,0,0,6,0.32,0.10,0.42,10.37,5,43,-2,0.2,Webster
Igor Julio dos Santos de Paulo,333,0,0,0,6,0,0,0,1,0,0,4,0.04,0.03,0.07,4.99,7,43,-2,0.1,Igor
Ben Jackson,0,0,0,0,0,0,0,0,0,0,0,0,0.00,0.00,0.00,0.00,0,40,0,0.0,Jackson
Ameen Al-Dakhil,855,0,0,0,22,1,0,0,1,0,0,10,0.19,0.48,0.67,17.76,9,40,0,0.7,Al-Dakhil
Jordan Beyer,858,0,1,1,18,0,0,0,5,0,0,10,0.26,0.06,0.32,13.62,20,40,0,1.5,Beyer
CJ Egan-Riley,0,0,0,0,0,0,0,0,0,0,0,0,0.00,0.00,0.00,0.00,0,39,-1,0.2,Egan-Riley
Hjalmar Ekdal,7,0,0,0,0,0,0,0,0,0,0,0,0.00,0.00,0.00,0.03,1,39,-1,0.1,Ekdal
Luke McNally,0,0,0,0,0,0,0,0,0,0,0,0,0.00,0.00,0.00,0.00,0,40,0,0.0,McNally
Dara O'Shea,847,0,2,1,26,1,0,0,1,0,0,9,0.24,0.30,0.54,17.31,17,44,-1,0.2,O'Shea
Connor Roberts,733,0,1,0,21,0,0,0,2,1,0,8,0.00,0.34,0.34,16.94,8,44,-1,0.2,Roberts
Charlie Taylor,990,1,1,1,21,0,0,0,3,0,0,11,0.12,0.38,0.50,16.80,25,40,0,5.6,Taylor
Bobby Thomas,0,0,0,0,0,0,0,0,0,0,0,0,0.00,0.00,0.00,0.00,0,40,0,0.0,Thomas
Victor da Silva,599,0,0,1,14,0,0,0,0,0,0,7,0.20,0.20,0.40,9.30,13,44,-1,0.1,Vitinho
Owen Dodgson,0,0,0,0,0,0,0,0,0,0,0,0,0.00,0.00,0.00,0.00,0,40,0,0.0,Dodgson
Hannes Delcroix,239,0,0,0,11,0,0,0,1,0,0,2,0.35,0.04,0.39,5.61,3,40,0,0.0,Delcroix
Ethan Ampadu,0,0,0,0,0,0,0,0,0,0,0,0,0.00,0.00,0.00,0.00,0,40,0,0.0,Ampadu
César Azpilicueta,0,0,0,0,0,0,0,0,0,0,0,0,0.00,0.00,0.00,0.00,0,45,0,0.0,Azpilicueta
Abdul Rahman Baba,0,0,0,0,0,0,0,0,0,0,0,0,0.00,0.00,0.00,0.00,0,40,0,0.0,Baba
Benoît Badiashile,90,0,0,0,4,0,0,0,0,0,0,1,0.10,0.00,0.10,2.28,0,44,-1,0.0,B.Badiashile
Trevoh Chalobah,0,0,0,0,0,0,0,0,0,0,0,0,0.00,0.00,0.00,0.00,0,43,-2,0.0,Chalobah
Ben Chilwell,334,0,1,1,5,0,0,0,3,0,0,4,0.85,1.27,2.12,4.08,15,54,-1,5.3,Chilwell
Levi Colwill,949,0,1,3,13,0,0,0,2,0,0,11,0.84,0.33,1.17,11.91,35,45,0,4.4,Colwill
Marc Cucurella Saseta,575,0,0,1,12,0,0,0,5,0,0,6,0.83,0.21,1.04,9.39,7,48,-2,0.5,Cucurella
Wesley Fofana,0,0,0,0,0,0,0,0,0,0,0,0,0.00,0.00,0.00,0.00,0,44,-1,0.0,W.Fofana
Malo Gusto,538,0,2,2,7,0,0,0,1,1,0,6,0.41,0.41,0.82,7.01,24,41,1,5.5,Gusto
Reece James,315,0,1,0,11,0,0,0,0,1,0,4,0.28,0.86,1.14,8.89,7,54,-1,4.2,James
Malang Sarr,0,0,0,0,0,0,0,0,0,0,0,0,0.00,0.00,0.00,0.00,0,43,-2,0.1,M.Sarr
Thiago Emiliano da Silva,1170,1,0,3,20,0,0,0,2,0,0,13,0.23,0.33,0.56,17.62,37,50,0,3.6,T.Silva
Axel Disasi,966,1,0,3,13,0,0,0,2,0,0,11,0.78,1.17,1.95,12.65,38,50,0,4.2,Disasi
Bashir Humphreys,0,0,0,0,0,0,0,0,0,0,0,0,0.00,0.00,0.00,0.00,0,40,0,0.0,Humphreys
Alfie Gilchrist,0,0,0,0,0,0,0,0,0,0,0,0,0.00,0.00,0.00,0.00,0,40,0,0.0,Gilchrist
Josh Brooking,0,0,0,0,0,0,0,0,0,0,0,0,0.00,0.00,0.00,0.00,0,40,0,0.0,Brooking
Rob Holding,0,0,0,0,0,0,0,0,0,0,0,0,0.00,0.00,0.00,0.00,0,43,-2,0.1,Holding
Joachim Andersen,1170,2,1,5,18,0,0,0,2,0,0,13,0.90,0.69,1.59,18.53,61,52,7,23.9,Andersen
Nathaniel Clyne,130,0,0,1,0,0,0,0,0,0,0,1,0.03,0.01,0.04,1.95,8,44,-1,0.1,Clyne
Marc Guéhi,1080,0,0,5,15,0,0,0,1,0,0,12,0.58,0.20,0.78,15.32,43,47,2,5.5,Guéhi
Tyrick Mitchell,1149,1,1,5,18,0,0,0,2,0,0,13,0.42,0.88,1.30,18.28,51,47,2,7.7,Mitchell
Jake O'Brien,0,0,0,0,0,0,0,0,0,0,0,0,0.00,0.00,0.00,0.00,0,40,0,0.1,O'Brien
Chris Richards,111,0,0,0,3,0,0,0,0,0,0,1,0.00,0.00,0.00,3.98,4,39,-1,0.6,C.Richards
James Tomkins,1,0,0,0,0,0,0,0,0,0,0,0,0.00,0.00,0.00,0.00,1,40,0,0.5,Tomkins
Joel Ward,1051,0,1,4,18,1,0,0,3,0,0,12,0.69,0.17,0.86,16.83,31,45,0,0.3,Ward
Jarrad Branthwaite,1080,0,0,3,15,0,0,0,4,0,0,12,0.24,0.46,0.70,14.63,32,41,1,2.4,Branthwaite
Seamus Coleman,0,0,0,0,0,0,0,0,0,0,0,0,0.00,0.00,0.00,0.00,0,44,-1,0.0,Coleman
Ben Godfrey,1,0,0,0,0,0,0,0,0,0,0,0,0.00,0.00,0.00,0.37,1,43,-2,0.1,Godfrey
Mason Holgate,0,0,0,0,0,0,0,0,0,0,0,0,0.00,0.00,0.00,0.00,0,40,0,0.5,Holgate
Michael Keane,226,0,0,0,7,0,0,0,1,0,0,2,0.04,0.05,0.09,6.60,2,43,-2,0.2,Keane
Vitalii Mykolenko,897,2,1,3,11,0,0,0,1,0,0,10,1.11,0.37,1.48,11.63,49,44,-1,4.0,Mykolenko
Nathan Patterson,541,0,1,1,11,0,0,0,1,0,0,5,0.34,0.69,1.03,10.79,21,44,-1,0.2,Patterson
James Tarkowski,1260,1,1,3,20,0,0,0,2,0,0,14,1.01,1.03,2.04,18.87,46,44,-1,3.1,Tarkowski
Ashley Young,1079,0,0,2,19,1,0,0,4,1,0,13,0.21,0.87,1.08,19.33,17,44,-1,0.3,Young
Issa Diop,700,0,0,3,13,0,0,0,2,0,0,8,0.15,0.28,0.43,15.90,23,44,-1,0.5,Diop
Terence Kongolo,0,0,0,0,0,0,0,0,0,0,0,0,0.00,0.00,0.00,0.00,0,40,0,0.1,Kongolo
Kevin Mbabu,0,0,0,0,0,0,0,0,0,0,0,0,0.00,0.00,0.00,0.00,0,40,0,0.2,Mbabu
Tim Ream,1053,1,0,3,20,0,0,0,2,1,0,12,0.96,0.14,1.10,23.34,34,45,0,1.5,Ream
Antonee Robinson,1080,0,2,2,22,2,0,0,4,0,0,12,0.09,1.40,1.49,22.65,24,44,-1,0.6,Robinson
Kenny Tete,427,0,0,2,8,0,0,0,2,0,0,5,0.19,0.22,0.41,11.87,12,44,-1,0.3,Tete
Tosin Adarabioyo,2,0,0,0,0,0,0,0,0,0,0,0,0.00,0.00,0.00,0.69,2,43,-2,0.0,Tosin
Calvin Bassey,575,0,0,0,12,0,0,0,0,1,0,6,0.05,0.02,0.07,14.10,8,44,-1,0.2,Bassey
Luc De Fougerolles,0,0,0,0,0,0,0,0,0,0,0,0,0.00,0.00,0.00,0.00,0,40,0,0.1,De Fougerolles
Timothy Castagne,827,0,0,2,13,0,0,0,1,0,0,9,0.16,0.76,0.92,12.08,25,45,0,0.5,Castagne
Fodé Ballo-Touré,0,0,0,0,0,0,0,0,0,0,0,0,0.00,0.00,0.00,0.00,0,45,0,0.0,Ballo-Touré
Devan Tanton,0,0,0,0,0,0,0,0,0,0,0,0,0.00,0.00,0.00,0.00,0,40,0,0.0,Tanton
Trent Alexander-Arnold,868,1,1,4,8,0,0,0,3,0,0,10,0.52,1.82,2.34,10.99,46,79,-1,9.2,Alexander-Arnold
Joe Gomez,499,0,0,2,3,0,0,0,1,0,0,5,0.48,0.13,0.61,6.96,23,45,0,0.5,Gomez
Ibrahima Konaté,467,0,0,2,5,0,0,0,1,0,0,5,0.07,0.08,0.15,5.85,20,49,-1,1.5,Konaté
Joel Matip,711,0,0,2,7,1,0,0,2,0,0,8,0.45,0.11,0.56,10.21,20,49,-1,0.5,Matip
Nathaniel Phillips,0,0,0,0,0,0,0,0,0,0,0,0,0.00,0.00,0.00,0.00,0,40,0,0.1,Phillips
Andrew Robertson,720,1,0,1,9,0,0,0,1,0,0,8,0.47,0.99,1.46,11.37,26,64,-1,2.5,Robertson
Konstantinos Tsimikas,358,0,2,3,2,0,0,0,0,0,0,4,0.02,0.85,0.87,4.20,31,48,3,14.4,Tsimikas
Sepp van den Berg,0,0,0,0,0,0,0,0,0,0,0,0,0.00,0.00,0.00,0.00,0,40,0,0.0,Van den Berg
Virgil van Dijk,927,0,2,3,10,0,0,0,1,1,0,11,0.76,0.35,1.11,15.86,38,61,1,8.7,Virgil
Jarell Quansah,115,0,0,0,1,0,0,0,0,0,0,1,0.00,0.01,0.01,1.00,5,40,0,0.1,Quansah
Luke Chambers,0,0,0,0,0,0,0,0,0,0,0,0,0.00,0.00,0.00,0.00,0,40,0,0.0,Chambers
Callum Scanlon,0,0,0,0,0,0,0,0,0,0,0,0,0.00,0.00,0.00,0.00,0,40,0,0.0,Scanlon
Mads Juel Andersen,371,1,0,0,6,0,0,0,1,0,0,4,0.26,0.00,0.26,7.07,13,40,0,0.9,Andersen
Amari'i Bell,740,0,0,0,16,0,0,0,0,0,0,9,0.38,0.27,0.65,16.90,12,39,-1,3.1,Bell
Reece Burke,595,0,1,0,12,0,0,0,1,0,0,7,0.37,0.19,0.56,12.33,13,40,0,0.1,Burke
Alfie Doughty,880,0,1,0,18,0,0,0,1,0,0,10,0.32,1.65,1.97,20.95,25,44,-1,0.2,Doughty
Gabriel Osho,416,0,0,0,8,0,0,0,1,0,0,5,0.00,0.01,0.01,12.28,6,44,-1,0.0,Osho
Dan Potts,0,0,0,0,0,0,0,0,0,0,0,0,0.00,0.00,0.00,0.00,0,39,-1,0.1,Potts
Teden Mengi,680,1,0,0,12,0,0,0,0,0,0,7,0.18,0.03,0.21,15.63,19,39,-1,1.6,Mengi
Ryan Giles,297,0,0,0,9,0,0,0,0,0,0,3,0.06,0.52,0.58,9.15,7,43,-2,0.1,Giles
Tom Lockyer,1080,1,1,0,21,1,0,0,4,0,0,13,0.99,0.29,1.28,26.04,22,43,-2,0.3,Lockyer
Issa Kaboré,867,0,2,0,17,0,0,0,4,0,0,10,0.22,1.19,1.41,20.12,24,40,0,5.4,Kaboré
Aidan Francis-Clarke,0,0,0,0,0,0,0,0,0,0,0,0,0.00,0.00,0.00,0.00,0,40,0,0.0,Francis-Clarke
Joseph Johnson,0,0,0,0,0,0,0,0,0,0,0,0,0.00,0.00,0.00,0.00,0,40,0,0.0,Johnson
Manuel Akanji,900,2,0,3,11,0,0,0,1,1,0,10,0.41,0.67,1.08,9.57,38,49,-1,5.3,Akanji
Nathan Aké,642,2,1,1,7,0,0,0,0,0,0,7,1.14,0.32,1.46,5.36,39,50,0,5.3,Aké
João Cancelo,0,0,0,0,0,0,0,0,0,0,0,0,0.00,0.00,0.00,0.00,0,58,-2,1.1,Cancelo
Rúben Gato Alves Dias,915,0,0,3,11,1,0,0,0,0,0,10,0.48,0.58,1.06,9.84,29,55,0,7.2,Rúben
Aymeric Laporte,11,0,0,0,0,0,0,0,0,0,0,0,0.12,0.00,0.12,0.07,1,49,-1,0.1,Laporte
Rico Lewis,166,0,0,2,1,0,0,0,0,0,0,2,0.00,0.11,0.11,1.03,15,43,-2,0.3,R.Lewis
Sergio Gómez,15,0,1,0,0,0,0,0,0,0,0,0,0.00,0.08,0.08,0.02,5,39,-1,1.0,Sergio Gómez
John Stones,256,0,0,2,2,0,0,0,0,0,0,3,0.00,0.06,0.06,2.23,15,53,-2,2.9,Stones
Kyle Walker,1170,0,1,4,13,0,0,0,1,0,0,13,0.16,1.09,1.25,11.74,45,53,3,16.2,Walker
Joško Gvardiol,731,0,0,3,8,0,0,0,1,0,0,8,0.22,0.53,0.75,8.29,27,49,-1,3.9,Gvardiol
Alex Telles,0,0,0,0,0,0,0,0,0,0,0,0,0.00,0.00,0.00,0.00,0,45,0,0.0,Alex Telles
Brandon Williams,0,0,0,0,0,0,0,0,0,0,0,0,0.00,0.00,0.00,0.00,0,40,0,0.1,B.Williams
Eric Bailly,0,0,0,0,0,0,0,0,0,0,0,0,0.00,0.00,0.00,0.00,0,40,0,0.1,Bailly
Diogo Dalot Teixeira,1104,1,1,4,16,0,0,0,2,0,0,12,0.40,1.09,1.49,20.96,52,50,0,4.3,Dalot
Álvaro Fernández Carreras,0,0,0,0,0,0,0,0,0,0,0,0,0.00,0.00,0.00,0.00,0,40,0,0.1,Fernandez
Victor Lindelöf,853,1,1,3,9,0,0,0,1,0,0,9,0.22,0.30,0.52,15.65,41,45,0,0.7,Lindelof
Harry Maguire,656,0,1,3,8,0,0,0,1,0,0,7,0.16,0.25,0.41,14.28,30,43,-2,2.7,Maguire
Tyrell Malacia,0,0,0,0,0,0,0,0,0,0,0,0,0.00,0.00,0.00,0.00,0,43,-2,0.0,Malacia
Lisandro Martínez,375,0,1,0,8,1,0,0,2,0,0,5,0.00,0.08,0.08,5.51,5,47,-3,2.3,Martinez
Raphaël Varane,340,1,0,1,5,0,0,0,0,0,0,4,0.68,0.14,0.82,6.21,21,50,0,2.4,R.Varane
Luke Shaw,345,0,0,2,3,0,0,0,1,0,0,4,0.02,0.56,0.58,8.30,14,52,-3,3.2,Shaw
Aaron Wan-Bissaka,523,0,1,2,7,0,0,0,2,0,0,6,0.03,0.95,0.98,12.57,26,44,-1,2.5,Wan-Bissaka
Sergio Reguilón,267,0,0,2,4,0,0,0,1,0,0,3,0.06,0.35,0.41,3.52,16,44,-1,0.5,Reguilón
Jonny Evans,447,0,1,2,7,0,0,0,1,0,0,5,0.06,0.18,0.24,9.10,22,40,0,0.9,Evans
Lewis Hall,54,0,0,0,0,0,0,0,0,0,0,1,0.02,0.00,0.02,0.49,2,43,-2,0.2,Hall
Harrison Ashby,0,0,0,0,0,0,0,0,0,0,0,0,0.00,0.00,0.00,0.00,0,40,0,0.0,Ashby
Sven Botman,446,1,1,2,3,0,0,0,1,0,0,5,0.29,0.28,0.57,4.98,30,45,0,5.8,Botman
Dan Burn,945,1,0,4,11,0,0,0,2,0,0,11,0.91,0.31,1.22,11.27,37,45,0,3.6,Burn
Emil Krafth,1,0,0,0,0,0,0,0,0,0,0,0,0.00,0.00,0.00,0.17,1,44,-1,0.0,Krafth
Jamaal Lascelles,731,1,0,4,7,0,0,0,3,0,0,8,0.74,0.08,0.82,8.15,36,41,1,7.2,Lascelles
Jamal Lewis,0,0,0,0,0,0,0,0,0,0,0,0,0.00,0.00,0.00,0.00,0,40,0,0.0,J.Lewis
Javier Manquillo Gaitán,0,0,0,0,0,0,0,0,0,0,0,0,0.00,0.00,0.00,0.00,0,40,0,0.0,Manquillo
Fabian Schär,1260,0,1,6,14,0,0,0,2,0,0,14,0.85,0.66,1.51,14.89,52,52,2,7.6,Schär
Matt Targett,77,0,0,0,4,0,0,0,1,0,0,1,0.00,0.01,0.01,1.77,2,42,-3,0.1,Targett
Kieran Trippier,1217,0,7,6,14,0,0,0,4,0,0,14,0.19,4.87,5.06,13.86,82,70,5,49.5,Trippier
Kell Watts,0,0,0,0,0,0,0,0,0,0,0,0,0.00,0.00,0.00,0.00,0,40,0,0.1,Watts
Paul Dummett,4,0,0,0,0,0,0,0,0,0,0,0,0.00,0.00,0.00,0.00,1,39,-1,0.4,Dummett
Tino Livramento,316,0,0,1,3,0,0,0,1,0,0,2,0.00,0.15,0.15,4.52,13,43,-2,0.7,Livramento
Alex Murphy,3,0,0,0,0,0,0,0,0,0,0,0,0.00,0.00,0.00,0.00,1,39,-1,0.3,A.Murphy
Nuno Varela Tavares,93,0,0,0,2,0,0,0,2,0,0,1,0.00,0.03,0.03,1.68,0,40,0,0.3,Tavares
Serge Aurier,831,0,2,1,15,0,0,0,2,0,0,10,0.16,0.45,0.61,13.94,27,45,0,1.3,Aurier
Giulian Biancone,0,0,0,0,0,0,0,0,0,0,0,0,0.00,0.00,0.00,0.00,0,39,-1,0.1,Biancone
Willy Boly,812,1,0,3,12,0,0,0,1,0,0,10,1.11,0.41,1.52,13.85,36,45,0,0.7,Boly
Steve Cook,0,0,0,0,0,0,0,0,0,0,0,0,0.00,0.00,0.00,0.00,0,45,0,0.0,Cook
Mohamed Dräger,0,0,0,0,0,0,0,0,0,0,0,0,0.00,0.00,0.00,0.00,0,40,0,0.1,Dräger
Felipe Augusto de Almeida Monteiro,45,0,0,0,1,0,0,0,1,0,0,0,0.08,0.00,0.08,0.24,0,44,-1,0.0,Felipe
Richie Laryea,0,0,0,0,0,0,0,0,0,0,0,0,0.00,0.00,0.00,0.00,0,45,0,0.0,Laryea
Loïc Mbe Soh,0,0,0,0,0,0,0,0,0,0,0,0,0.00,0.00,0.00,0.00,0,40,0,0.1,Mbe Soh
Scott McKenna,416,0,0,1,6,0,0,0,0,0,0,5,0.21,0.17,0.38,5.64,12,45,0,0.1,McKenna
Moussa Niakhaté,539,0,0,1,13,0,0,0,2,1,0,6,0.08,0.11,0.19,12.60,9,45,0,0.1,Niakhaté
Jonathan Panzo,0,0,0,0,0,0,0,0,0,0,0,0,0.00,0.00,0.00,0.00,0,40,0,0.1,Panzo
Omar Richards,0,0,0,0,0,0,0,0,0,0,0,0,0.00,0.00,0.00,0.00,0,44,-1,0.0,O.Richards
Harry Toffolo,562,0,3,2,10,0,0,0,1,0,0,6,0.36,0.64,1.00,8.74,30,44,-1,0.2,Toffolo
Neco Williams,122,0,0,0,2,0,0,0,0,0,0,1,0.02,0.51,0.53,1.58,7,43,-2,0.2,Williams
Joe Worrall,437,0,0,1,9,0,0,0,0,1,0,5,0.10,0.31,0.41,8.88,12,44,-1,0.1,Worrall
Olu Aina,716,1,1,2,16,0,0,0,3,0,0,9,0.13,0.26,0.39,13.06,29,45,0,0.6,Aina
Josh Powell,0,0,0,0,0,0,0,0,0,0,0,0,0.00,0.00,0.00,0.00,0,40,0,0.1,Powell
Gonzalo Montiel,166,0,0,0,1,0,0,0,2,0,0,1,0.09,0.08,0.17,1.83,2,44,-1,0.0,G.Montiel
Murillo Santiago Costa dos Santos,705,0,0,2,12,0,0,0,1,0,0,8,0.71,0.21,0.92,11.73,20,45,0,0.1,Murillo
Andrew Omobamidele,0,0,0,0,0,0,0,0,0,0,0,0,0.00,0.00,0.00,0.00,0,45,0,0.0,Omobamidele
Auston Trusty,645,0,0,0,22,0,0,0,1,0,0,7,0.00,0.04,0.04,14.38,7,39,-1,1.8,Trusty
Anel Ahmedhodžić,855,0,0,0,28,0,0,0,4,0,0,9,0.85,0.08,0.93,22.90,3,43,-2,0.2,Ahmedhodžić
George Baldock,563,0,2,0,12,0,0,0,3,0,0,7,0.03,0.52,0.55,14.55,16,39,-1,7.6,Baldock
Chris Basham,316,0,0,0,6,0,0,0,1,0,0,3,0.12,0.07,0.19,7.12,8,40,0,0.5,Basham
Jayden Bogle,767,1,2,1,22,0,0,0,2,0,0,9,0.96,0.24,1.20,15.32,25,45,0,0.1,Bogle
John Egan,482,0,0,0,17,0,0,0,2,0,0,6,0.17,0.00,0.17,14.85,1,43,-2,0.1,Egan
Max Lowe,124,0,0,0,2,0,0,0,0,0,0,2,0.00,0.01,0.01,2.62,3,43,-2,0.0,Lowe
Rhys Norrington-Davies,0,0,0,0,0,0,0,0,0,0,0,0,0.00,0.00,0.00,0.00,0,39,-1,0.1,Norrington-Davies
Jack Robinson,1214,0,1,0,39,0,0,0,4,0,0,13,0.51,0.33,0.84,29.86,10,44,-1,0.1,Robinson
Yasser Larouci,219,0,0,0,7,0,0,0,0,0,0,1,0.17,0.02,0.19,6.90,4,43,-2,0.0,Larouci
Femi Seriki,0,0,0,0,0,0,0,0,0,0,0,0,0.00,0.00,0.00,0.00,0,40,0,0.1,Seriki
Luke Thomas,827,0,0,0,27,0,0,0,3,0,0,10,0.53,0.18,0.71,19.44,6,40,0,0.1,Thomas
Jili Buyabu,0,0,0,0,0,0,0,0,0,0,0,0,0.00,0.00,0.00,0.00,0,40,0,0.0,Buyabu
Ben Davies,268,0,1,0,4,0,0,0,0,0,0,3,0.86,0.05,0.91,4.69,10,43,-2,0.4,Davies
Eric Dier,146,0,0,0,6,0,0,0,0,0,0,1,0.00,0.03,0.03,5.87,0,42,-3,0.6,Dier
Emerson Leite de Souza Junior,415,1,0,0,11,0,0,0,1,0,0,3,0.11,0.45,0.56,10.63,15,44,-1,0.9,E.Royal
Pedro Porro,1077,0,4,4,15,0,0,0,1,0,0,12,1.05,2.24,3.29,18.19,50,53,3,13.1,Pedro Porro
Ivan Perišić,98,0,1,0,1,0,0,0,2,0,0,0,0.12,0.80,0.92,1.44,6,47,-3,0.8,Perišić
Joe Rodon,0,0,0,0,0,0,0,0,0,0,0,0,0.00,0.00,0.00,0.00,0,40,0,0.1,Rodon
Cristian Romero,855,2,0,4,11,1,0,0,2,1,0,11,0.78,0.56,1.34,18.27,44,49,4,9.5,Romero
Davinson Sánchez,76,0,0,0,2,0,0,0,1,0,0,0,0.12,0.03,0.15,2.02,0,44,-1,0.1,Sánchez
Ryan Sessegnon,0,0,0,0,0,0,0,0,0,0,0,0,0.00,0.00,0.00,0.00,0,44,-1,0.0,Sessegnon
Djed Spence,0,0,0,0,0,0,0,0,0,0,0,0,0.00,0.00,0.00,0.00,0,40,0,0.2,Spence
Japhet Tanganga,0,0,0,0,0,0,0,0,0,0,0,0,0.00,0.00,0.00,0.00,0,40,0,0.4,Tanganga
Destiny Udogie,872,0,2,3,14,0,0,0,3,1,0,11,0.58,0.85,1.43,19.15,30,48,3,9.8,Udogie
Micky van de Ven,945,1,0,4,10,0,0,0,1,0,0,11,0.35,0.11,0.46,13.62,43,45,0,1.9,Van de Ven
Ashley Phillips,0,0,0,0,0,0,0,0,0,0,0,0,0.00,0.00,0.00,0.00,0,40,0,0.1,Phillips
Alfie Dorrington,0,0,0,0,0,0,0,0,0,0,0,0,0.00,0.00,0.00,0.00,0,40,0,0.0,Dorrington
Nayef Aguerd,1056,1,0,1,22,0,0,0,1,1,0,12,0.87,0.10,0.97,22.33,23,45,0,1.0,N.Aguerd
Vladimír Coufal,1166,0,4,1,23,0,0,0,2,0,0,13,0.02,1.09,1.11,23.67,37,46,1,3.5,Coufal
Aaron Cresswell,85,0,0,0,1,0,0,0,0,0,0,1,0.00,0.15,0.15,0.79,3,42,-3,0.3,Cresswell
Emerson Palmieri dos Santos,1080,0,2,1,22,0,0,0,6,0,0,12,0.28,1.32,1.60,22.85,23,45,0,0.7,Emerson
Ben Johnson,0,0,0,0,0,0,0,0,0,0,0,0,0.00,0.00,0.00,0.00,0,44,-1,0.1,Johnson
Thilo Kehrer,18,0,0,0,1,0,0,0,1,0,0,0,0.00,0.00,0.00,0.45,2,43,-2,0.1,Kehrer
Kurt Zouma,1080,1,0,1,20,0,0,0,1,0,0,12,0.76,0.01,0.77,22.27,31,45,0,1.9,Zouma
Angelo Ogbonna,112,0,0,0,1,0,0,0,0,0,0,1,0.00,0.00,0.00,1.75,4,43,-2,0.1,Ogbonna
Konstantinos Mavropanos,91,0,0,0,3,1,0,0,1,0,0,1,0.03,0.00,0.03,1.45,-1,45,0,0.0,Mavropanos
Rayan Aït-Nouri,889,0,0,0,16,0,0,0,4,0,0,12,1.13,0.82,1.95,14.58,13,45,0,0.5,Aït-Nouri
Bendegúz Bolla,0,0,0,0,0,0,0,0,0,0,0,0,0.00,0.00,0.00,0.00,0,40,0,0.5,Bolla
Hugo Bueno López,201,0,0,1,5,1,0,0,0,0,0,2,0.22,0.25,0.47,4.53,9,44,-1,0.1,H.Bueno
Craig Dawson,1150,0,0,1,22,0,0,0,5,0,0,13,0.68,0.34,1.02,21.66,18,45,0,0.3,Dawson
Ki-Jana Hoever,0,0,0,0,0,0,0,0,0,0,0,0,0.00,0.00,0.00,0.00,0,40,0,0.0,Hoever
Jonathan Castro Otto,4,0,0,0,0,0,0,0,0,0,0,0,0.00,0.00,0.00,0.07,1,43,-2,0.1,J.Otto
Max Kilman,1260,0,0,1,25,0,0,0,2,0,0,14,0.46,0.32,0.78,24.57,24,45,0,0.7,Kilman
Nélson Cabral Semedo,1139,0,1,1,24,0,0,0,4,0,0,13,0.39,0.50,0.88,23.33,21,45,0,0.4,N.Semedo
Toti António Gomes,763,0,1,0,13,0,0,0,0,0,0,8,0.33,0.07,0.40,13.61,19,44,-1,0.1,Toti
Matt Doherty,348,0,0,0,7,0,0,0,1,0,0,1,0.25,0.45,0.70,7.91,7,43,-2,0.2,Doherty
Santiago Bueno,90,0,0,0,3,0,0,0,0,0,0,1,0.00,0.00,0.00,2.84,1,45,0,0.0,S.Bueno
Justin Hubner,0,0,0,0,0,0,0,0,0,0,0,0,0.00,0.00,0.00,0.00,0,40,0,0.0,Hubner
Mohamed Elneny,1,0,1,0,0,0,0,0,0,0,0,0,0.00,0.00,0.00,0.00,4,44,-1,0.1,M.Elneny
Fábio Ferreira Vieira,236,1,3,1,2,0,0,0,0,1,0,2,1.20,0.35,1.55,1.48,21,54,-1,0.1,Fábio Vieira
Kai Havertz,734,2,1,3,7,0,0,0,4,0,0,8,2.62,0.69,3.31,6.35,32,71,-4,1.6,Havertz
Jorge Luiz Frello Filho,383,0,0,1,6,0,0,0,1,0,0,4,0.09,0.30,0.39,4.68,15,53,-2,0.2,Jorginho
Marcus Oliveira Alencar,0,0,0,0,0,0,0,0,0,0,0,0,0.00,0.00,0.00,0.00,0,45,0,0.0,Marquinhos
Gabriel Martinelli Silva,876,1,2,4,8,0,0,0,1,0,0,11,1.42,1.64,3.06,7.58,36,78,-2,7.3,Martinelli
Martin Ødegaard,969,4,2,5,8,0,0,0,1,0,0,11,2.87,2.08,4.95,9.43,61,83,-2,13.5,Ødegaard
Thomas Partey,250,0,0,1,2,0,0,0,0,0,0,3,0.07,0.21,0.28,2.53,7,48,-2,0.2,Thomas
Nicolas Pépé,0,0,0,0,0,0,0,0,0,0,0,0,0.00,0.00,0.00,0.00,0,49,-1,0.0,Pepe
Bukayo Saka,1125,5,7,5,11,0,0,0,1,0,0,13,4.47,4.48,8.95,10.44,87,88,3,56.0,Saka
Emile Smith Rowe,104,0,1,1,0,0,0,0,0,0,0,1,0.80,0.05,0.85,0.17,9,53,-2,0.1,Smith Rowe
Leandro Trossard,480,3,1,2,4,0,0,0,0,0,0,5,2.03,1.32,3.35,4.00,40,65,-5,2.6,Trossard
Granit Xhaka,0,0,0,0,0,0,0,0,0,0,0,0,0.00,0.00,0.00,0.00,0,60,0,0.0,Xhaka
Declan Rice,1203,2,1,6,10,0,0,0,0,0,0,14,1.09,0.82,1.91,10.66,51,54,-1,5.4,Rice
Reiss Nelson,61,0,0,0,0,0,0,0,0,0,0,0,0.02,0.14,0.16,0.56,5,49,-1,0.0,Nelson
Charles Sagoe,0,0,0,0,0,0,0,0,0,0,0,0,0.00,0.00,0.00,0.00,0,45,0,0.0,Sagoe
Bradley Ibrahim,0,0,0,0,0,0,0,0,0,0,0,0,0.00,0.00,0.00,0.00,0,45,0,0.0,Ibrahim
Leon Bailey,386,3,3,1,7,0,0,0,1,0,0,2,2.17,1.89,4.06,7.95,39,55,0,1.0,Bailey
Emiliano Buendía Stati,0,0,0,0,0,0,0,0,0,0,0,0,0.00,0.00,0.00,0.00,0,57,-3,0.0,Buendia
Philippe Coutinho Correia,24,0,0,0,1,0,0,0,0,0,0,0,0.15,0.02,0.17,0.68,2,58,-2,0.2,Coutinho
Leander Dendoncker,7,0,0,0,0,0,0,0,0,0,0,0,0.00,0.00,0.00,0.51,4,49,-1,0.0,Dendoncker
Douglas Luiz Soares de Paulo,1113,5,2,2,18,0,0,0,4,0,0,13,3.21,1.43,4.64,17.22,67,56,1,11.9,Douglas Luiz
Tim Iroegbunam,0,0,0,0,0,0,0,0,0,0,0,0,0.00,0.00,0.00,0.00,0,44,-1,0.0,Iroegbunam
Boubacar Kamara,1101,0,0,3,17,0,0,0,5,0,0,13,0.11,0.58,0.69,16.53,24,50,0,0.1,Kamara
John McGinn,1107,3,2,2,16,0,0,0,3,0,0,13,1.88,2.26,4.14,15.65,52,55,0,0.8,McGinn
Jaden Philogene-Bidace,3,0,0,0,1,0,0,0,0,0,0,0,0.00,0.00,0.00,0.65,1,45,0,0.1,Philogene
Jacob Ramsey,49,1,0,0,0,0,0,0,0,0,0,0,0.19,0.04,0.23,0.77,8,59,-1,0.1,J.Ramsey
Morgan Sanson,0,0,0,0,0,0,0,0,0,0,0,0,0.00,0.00,0.00,0.00,0,45,0,0.0,Sanson
Youri Tielemans,326,0,2,0,5,0,0,0,0,0,0,1,0.22,0.68,0.90,6.28,20,56,-4,0.5,Tielemans
Bertrand Traoré,10,0,0,0,0,0,0,0,0,0,0,0,0.00,0.00,0.00,0.77,2,50,0,0.0,Bertrand Traoré
Moussa Diaby,989,3,6,3,16,0,0,0,0,0,0,13,2.87,2.28,5.15,13.80,66,68,3,14.3,Diaby
Omari Kellyman,0,0,0,0,0,0,0,0,0,0,0,0,0.00,0.00,0.00,0.00,0,45,0,0.1,Kellyman
Nicolò Zaniolo,421,0,0,1,4,0,0,0,2,0,0,6,1.47,0.53,2.00,5.31,10,54,-1,0.1,Zaniolo
Jaidon Anthony,151,0,0,0,5,0,0,0,1,0,0,2,0.07,0.02,0.09,4.44,3,49,-1,0.0,Anthony
Philip Billing,955,1,1,1,25,0,0,0,3,0,0,11,1.69,1.04,2.73,22.09,32,52,-3,0.4,Billing
David Brooks,231,1,0,0,4,0,0,0,1,0,0,2,1.64,0.39,2.03,4.86,16,48,-2,0.1,Brooks
Ryan Christie,962,0,1,2,23,0,0,0,0,0,0,12,0.64,1.04,1.68,19.97,28,50,0,0.1,Christie
Lewis Cook,704,0,0,2,16,0,0,0,1,1,0,8,0.07,0.40,0.47,17.98,14,50,0,0.0,L.Cook
Siriki Dembélé,0,0,0,0,0,0,0,0,0,0,0,0,0.00,0.00,0.00,0.00,0,45,0,0.0,Siriki
Gavin Kilkenny,0,0,0,0,0,0,0,0,0,0,0,0,0.00,0.00,0.00,0.00,0,44,-1,0.1,Kilkenny
Justin Kluivert,471,1,0,2,8,0,0,0,0,0,0,6,0.64,0.69,1.33,9.36,23,46,-4,0.3,Kluivert
Jamal Lowe,0,0,0,0,0,0,0,0,0,0,0,0,0.00,0.00,0.00,0.00,0,49,-1,0.0,Lowe
Emiliano Marcondes,0,0,0,0,0,0,0,0,0,0,0,0,0.00,0.00,0.00,0.00,0,43,-2,0.0,Marcondes
Dango Ouattara,221,0,0,1,5,0,0,0,1,0,0,2,0.76,0.25,1.01,4.64,8,47,-3,0.0,O.Dango
Ben Pearson,0,0,0,0,0,0,0,0,0,0,0,0,0.00,0.00,0.00,0.00,0,45,0,0.0,Pearson
Joe Rothwell,358,0,0,0,11,0,0,0,0,0,0,3,0.06,0.20,0.26,11.00,11,48,-2,0.0,Rothwell
Marcus Tavernier,698,2,1,3,15,0,0,0,0,0,0,9,2.01,1.05,3.06,13.16,37,54,-1,0.2,Tavernier
Hamed Traorè,44,0,0,0,1,0,0,0,0,0,0,0,0.17,0.01,0.18,0.84,3,47,-3,0.0,Hamed Traorè
Alex Scott,189,0,0,0,5,0,0,0,1,0,0,3,0.07,0.09,0.16,2.35,3,49,-1,0.0,Scott
Tyler Adams,0,0,0,0,0,0,0,0,0,0,0,0,0.00,0.00,0.00,0.00,0,49,-1,0.0,Adams
Luis Sinisterra,145,1,0,0,5,0,0,0,0,0,0,0,1.13,0.32,1.45,4.35,11,55,0,0.0,Sinisterra
Shandon Baptiste,56,1,0,0,2,0,0,0,0,0,0,0,0.70,0.25,0.95,0.96,8,43,-2,0.9,Baptiste
Mads Bidstrup,0,0,0,0,0,0,0,0,0,0,0,0,0.00,0.00,0.00,0.00,0,45,0,0.0,Bidstrup
Sergi Canós Tenés,0,0,0,0,0,0,0,0,0,0,0,0,0.00,0.00,0.00,0.00,0,50,0,0.0,Canós
Mikkel Damsgaard,52,0,0,0,0,0,0,0,0,0,0,0,0.07,0.01,0.08,0.66,2,48,-2,0.0,Damsgaard
Josh Dasilva,9,0,0,0,0,0,0,0,0,0,0,0,0.00,0.00,0.00,0.07,1,47,-3,0.0,Dasilva
Vitaly Janelt,1109,0,1,4,12,0,0,0,2,0,0,14,0.61,1.25,1.86,13.92,32,53,-2,0.1,Janelt
Mathias Jensen,905,3,3,5,13,0,0,0,2,0,0,12,0.49,2.19,2.68,13.49,58,54,-1,2.0,Jensen
Keane Lewis-Potter,231,0,1,0,5,0,0,0,0,0,0,2,1.54,0.28,1.81,3.31,13,47,-3,0.0,Lewis-Potter
Bryan Mbeumo,1247,6,4,3,19,0,0,0,1,0,0,14,7.63,3.88,11.51,18.15,81,71,6,32.1,Mbeumo
Christian Nørgaard,1210,1,1,3,19,0,0,0,5,0,0,14,1.91,1.35,3.26,17.91,36,54,-1,0.2,Nørgaard
Frank Onyeka,548,0,1,1,12,0,0,0,3,0,0,4,1.25,1.08,2.33,9.49,17,49,-1,0.0,Onyeka
Kevin Schade,255,1,1,1,2,0,0,0,0,0,0,3,0.80,0.35,1.15,2.36,19,53,-2,0.1,Schade
Ryan Trevitt,0,0,0,0,0,0,0,0,0,0,0,0,0.00,0.00,0.00,0.00,0,45,0,0.0,Trevitt
Yegor Yarmoliuk,198,0,0,2,1,0,0,0,0,0,0,2,0.68,0.04,0.72,2.28,10,44,-1,0.6,Yarmoliuk
Michael Olakigbe,12,0,0,0,0,0,0,0,0,0,0,0,0.12,0.01,0.13,0.26,4,45,0,0.0,Olakigbe
Ethan Brierley,0,0,0,0,0,0,0,0,0,0,0,0,0.00,0.00,0.00,0.00,0,45,0,0.0,Brierley
Saman Ghoddos,241,1,0,0,5,0,0,0,3,0,0,2,0.22,0.47,0.69,3.76,13,45,0,0.1,Ghoddos
Myles Peart-Harris,1,0,0,0,0,0,0,0,0,0,0,0,0.00,0.00,0.00,0.03,1,45,0,0.0,Peart-Harris
Simon Adingra,753,3,1,0,16,0,0,0,2,0,0,8,1.36,0.74,2.10,12.01,39,50,0,1.3,Adingra
Steven Alzate,0,0,0,0,0,0,0,0,0,0,0,0,0.00,0.00,0.00,0.00,0,44,-1,0.1,Alzate
Yasin Ayari,0,0,0,0,0,0,0,0,0,0,0,0,0.00,0.00,0.00,0.00,0,45,0,0.0,Ayari
Facundo Buonanotte,165,0,1,0,2,0,0,0,2,0,0,2,0.27,0.23,0.50,2.99,6,47,-3,0.0,Buonanotte
Mahmoud Dahoud,404,0,1,1,5,0,0,0,1,1,0,5,0.14,0.53,0.67,4.88,13,48,-2,0.1,Dahoud
Julio Enciso,68,0,2,0,1,0,0,0,1,0,0,1,0.20,0.58,0.78,2.02,8,51,-4,0.5,Enciso
Billy Gilmour,690,0,3,2,14,0,0,0,2,0,0,8,0.54,1.22,1.76,12.78,32,49,-1,0.4,Gilmour
Pascal Groß,978,2,3,1,15,0,0,0,1,0,0,11,1.35,1.77,3.12,16.15,50,63,-2,1.9,Gross
Kacper Kozłowski,0,0,0,0,0,0,0,0,0,0,0,0,0.00,0.00,0.00,0.00,0,45,0,0.0,Kozłowski
Adam Lallana,304,0,0,1,4,0,0,0,1,0,0,5,0.00,0.37,0.37,4.81,9,49,-1,0.0,Lallana
Solly March,555,3,1,2,11,0,0,0,1,0,0,7,2.10,0.97,3.07,10.50,39,61,-4,2.5,March
James Milner,350,0,0,1,7,0,0,0,2,0,0,5,0.00,0.43,0.43,5.54,9,48,-2,0.1,Milner
Kaoru Mitoma,980,3,4,0,20,0,0,0,3,0,0,10,2.78,2.46,5.24,16.40,53,65,0,23.5,Mitoma
Jakub Moder,13,0,0,0,0,0,0,0,0,0,0,0,0.00,0.00,0.00,0.06,1,44,-1,0.1,Moder
Jeremy Sarmiento Morante,0,0,0,0,0,0,0,0,0,0,0,0,0.00,0.00,0.00,0.00,0,45,0,0.0,Sarmiento
Jack Hinshelwood,140,0,0,0,6,0,0,0,0,0,0,1,0.00,0.06,0.06,2.76,3,45,0,0.0,Hinshelwood
Carlos Baleba,277,0,0,0,7,0,0,0,2,0,0,3,0.27,0.02,0.29,4.84,8,45,0,0.1,Baleba
Anssumane Fati Vieira,286,2,0,1,6,0,0,0,1,0,0,2,2.73,0.29,3.02,3.83,21,65,0,0.7,Ansu Fati
Benicio Baker-Boaitey,0,0,0,0,0,0,0,0,0,0,0,0,0.00,0.00,0.00,0.00,0,45,0,0.0,Baker-Boaitey
Joshua Duffus,0,0,0,0,0,0,0,0,0,0,0,0,0.00,0.00,0.00,0.00,0,45,0,0.0,Duffus
Enock Agyei,0,0,0,0,0,0,0,0,0,0,0,0,0.00,0.00,0.00,0.00,0,43,-2,0.3,Agyei
Samuel Bastien,0,0,0,0,0,0,0,0,0,0,0,0,0.00,0.00,0.00,0.00,0,49,-1,0.0,Bastien
Manuel Benson Hedilazio,65,0,0,0,3,0,0,0,0,0,0,1,0.03,0.01,0.04,3.09,3,52,-3,0.1,Benson
Josh Brownhill,959,3,0,1,22,0,0,0,1,0,0,10,0.71,1.08,1.79,15.18,38,47,-3,0.2,Brownhill
Darko Churlinov,0,0,0,0,0,0,0,0,0,0,0,0,0.00,0.00,0.00,0.00,0,44,-1,0.0,Churlinov
Jack Cork,16,0,0,0,0,0,0,0,0,0,0,0,0.00,0.01,0.01,0.13,1,48,-2,0.0,Cork
Dara Costelloe,0,0,0,0,0,0,0,0,0,0,0,0,0.00,0.00,0.00,0.00,0,45,0,0.0,Costelloe
Josh Cullen,844,0,1,0,24,0,0,0,5,0,0,10,0.08,0.88,0.96,18.91,18,50,0,0.1,Cullen
Jóhann Berg Gudmundsson,540,0,1,1,10,0,0,0,2,0,0,7,0.37,1.48,1.85,7.44,16,48,-2,0.0,Gudmundsson
Scott Twine,0,0,0,0,0,0,0,0,0,0,0,0,0.00,0.00,0.00,0.00,0,49,-1,0.0,Twine
Anass Zaroury,135,0,0,0,4,0,0,0,0,1,0,1,0.16,0.09,0.25,3.13,3,47,-3,0.0,Zaroury
Sander Berge,967,0,1,1,25,0,0,0,2,0,0,11,0.92,0.36,1.28,19.70,28,48,-2,0.1,Berge
Nathan Redmond,101,0,0,0,4,0,0,0,0,0,0,0,0.03,0.34,0.37,1.98,7,48,-2,0.0,Redmond
Luca Koleosho,937,1,2,3,23,0,0,0,0,0,0,12,1.93,1.07,3.00,15.39,39,50,0,0.2,Koleosho
Jacob Bruun Larsen,246,2,0,1,5,0,0,0,0,0,0,1,0.96,0.19,1.15,4.17,24,49,-1,0.0,Bruun Larsen
Wilson Odobert,160,1,0,0,7,0,0,0,1,0,0,2,0.30,0.74,1.04,5.73,10,50,0,0.0,Odobert
Aaron Ramsey,235,0,0,0,7,0,0,0,0,0,0,2,0.10,0.46,0.56,4.02,9,50,0,0.0,A.Ramsey
Han-Noah Massengo,0,0,0,0,0,0,0,0,0,0,0,0,0.00,0.00,0.00,0.00,0,50,0,0.0,Massengo
Mike Trésor,236,0,0,0,6,0,0,0,0,0,0,2,0.30,0.43,0.73,5.25,10,54,-1,0.0,M.Trésor
Moisés Caicedo Corozo,823,0,0,2,13,0,0,0,3,0,0,9,0.17,0.46,0.63,10.19,19,46,-4,1.3,Caicedo
Carney Chukwuemeka,125,1,0,0,2,0,0,0,2,0,0,2,0.08,0.19,0.27,1.96,6,43,-2,1.3,Chukwuemeka
Enzo Fernández,987,0,1,4,16,0,0,1,3,0,0,12,2.27,1.74,4.01,13.81,25,48,-2,2.5,Enzo
Conor Gallagher,1103,0,5,3,18,0,0,0,1,0,0,13,1.01,1.32,2.33,16.28,47,54,-1,0.6,Gallagher
Noni Madueke,119,0,0,0,3,0,0,0,0,0,0,1,0.19,0.23,0.42,1.91,7,53,-2,0.1,Madueke
Mykhailo Mudryk,385,2,1,3,4,0,0,0,2,0,0,4,0.79,0.97,1.76,3.91,31,63,-2,0.9,Mudryk
Christian Pulisic,0,0,0,0,0,0,0,0,0,0,0,0,0.00,0.00,0.00,0.00,0,55,0,0.0,Pulisic
Raheem Sterling,1076,5,4,2,19,0,0,0,4,0,0,12,2.99,1.91,4.90,16.53,66,70,0,10.3,Sterling
Hakim Ziyech,0,0,0,0,0,0,0,0,0,0,0,0,0.00,0.00,0.00,0.00,0,54,-1,0.1,Ziyech
Cole Palmer,676,4,3,1,13,0,0,0,3,0,0,7,4.74,1.84,6.58,11.67,49,53,3,13.7,Palmer
Ângelo Gabriel Borges Damaceno,0,0,0,0,0,0,0,0,0,0,0,0,0.00,0.00,0.00,0.00,0,50,0,0.0,Ângelo
Ian Maatsen,107,0,0,0,1,0,0,0,1,0,0,0,0.40,0.18,0.58,3.11,6,51,-4,0.1,Maatsen
Lesley Ugochukwu,211,0,0,1,5,0,0,0,2,0,0,2,0.00,0.10,0.10,5.82,10,44,-1,0.3,Ugochukwu
Roméo Lavia,0,0,0,0,0,0,0,0,0,0,0,0,0.00,0.00,0.00,0.00,0,49,-1,0.0,Lavia
Diego Manuel Jadon da Silva Moreira,0,0,0,0,0,0,0,0,0,0,0,0,0.00,0.00,0.00,0.00,0,45,0,0.0,Diego Moreira
Alex Matos,1,0,0,0,0,0,0,0,0,0,0,0,0.00,0.00,0.00,0.00,1,45,0,0.0,Matos
Naouirou Ahamada,87,0,0,0,3,0,0,0,0,0,0,0,0.02,0.05,0.07,3.22,7,43,-2,1.1,Ahamada
Jordan Ayew,1055,1,3,5,15,0,0,0,4,0,0,12,1.74,1.23,2.97,15.45,39,54,-1,0.5,J.Ayew
Cheick Doucouré,920,0,0,3,12,0,0,0,2,0,0,11,0.28,0.76,1.04,13.76,21,50,0,0.1,C.Doucouré
Malcolm Ebiowei,0,0,0,0,0,0,0,0,0,0,0,0,0.00,0.00,0.00,0.00,0,45,0,0.0,Ebiowei
Eberechi Eze,797,2,2,3,10,0,0,0,2,0,0,9,3.25,2.02,5.27,12.52,36,61,-4,3.9,Eze
Will Hughes,713,0,0,4,15,0,0,0,2,0,0,8,0.15,0.74,0.89,13.56,20,49,-1,0.0,Hughes
Jefferson Lerma Solís,794,0,1,2,15,0,0,0,2,0,0,9,1.09,0.89,1.98,11.66,24,47,-3,0.1,Lerma
Michael Olise,113,1,0,0,3,0,0,0,0,0,0,1,0.51,0.42,0.93,1.07,11,58,-2,0.3,Olise
Jairo Riedewald,86,0,0,1,0,0,0,0,0,0,0,1,0.00,0.03,0.03,1.39,4,44,-1,0.1,Riedewald
Jeffrey Schlupp,837,1,0,4,10,0,0,0,0,0,0,12,1.32,0.39,1.71,11.39,32,49,-1,0.1,Schlupp
Matheus França de Oliveira,31,0,0,0,0,0,0,0,0,0,0,0,0.08,0.08,0.16,0.36,2,49,-1,0.0,Matheus França
Jesurun Rak-Sakyi,132,0,0,1,3,0,0,0,0,0,0,0,0.41,0.14,0.54,3.21,8,45,0,0.0,Rak-Sakyi
David Ozoh,3,0,0,0,0,0,0,0,0,0,0,0,0.00,0.00,0.00,0.00,1,45,0,0.0,Ozoh
Jadan Raymond,0,0,0,0,0,0,0,0,0,0,0,0,0.00,0.00,0.00,0.00,0,45,0,0.0,Raymond
André Tavares Gomes,0,0,0,0,0,0,0,0,0,0,0,0,0.00,0.00,0.00,0.00,0,44,-1,0.1,André Gomes
Dele Alli,0,0,0,0,0,0,0,0,0,0,0,0,0.00,0.00,0.00,0.00,0,48,-2,0.0,Dele
Abdoulaye Doucouré,1217,4,2,3,20,0,0,0,4,0,0,14,4.85,0.91,5.76,19.24,56,55,0,0.9,A.Doucoure
James Garner,1156,1,1,3,19,0,0,0,2,0,0,13,1.38,1.90,3.28,17.57,38,49,-1,0.1,Garner
Jean-Philippe Gbamin,0,0,0,0,0,0,0,0,0,0,0,0,0.00,0.00,0.00,0.00,0,44,-1,0.0,Gbamin
Demarai Gray,0,0,0,0,0,0,0,0,0,0,0,0,0.00,0.00,0.00,0.00,0,53,-2,0.1,Gray
Idrissa Gueye,855,1,0,1,15,0,0,0,3,0,0,10,0.74,0.49,1.23,13.26,24,48,-2,0.0,Gana
Dwight McNeil,842,1,1,3,9,0,0,0,0,0,0,10,1.23,2.30,3.53,10.03,31,54,-1,0.1,McNeil
Amadou Onana,920,0,0,2,14,0,0,0,1,0,0,11,1.07,0.88,1.95,13.83,22,48,-2,0.2,Onana
Arnaut Danjuma Groeneveld,386,1,0,0,9,0,0,0,0,0,0,3,1.80,0.19,1.99,7.03,17,53,-2,0.1,Danjuma
Lewis Dobbin,118,0,0,1,2,0,0,0,0,0,0,1,0.16,0.00,0.16,1.73,6,45,0,0.1,Dobbin
Tyler Onyango,1,0,0,0,0,0,0,0,0,0,0,0,0.00,0.00,0.00,0.00,1,45,0,0.0,Onyango
Jack Harrison,617,1,3,3,6,0,0,0,0,0,0,7,1.03,0.46,1.49,7.41,34,55,0,0.2,Harrison
Mackenzie Hunt,0,0,0,0,0,0,0,0,0,0,0,0,0.00,0.00,0.00,0.00,0,45,0,0.0,Hunt
Alex Iwobi,691,1,0,1,11,0,0,0,2,0,0,7,1.92,1.39,3.31,11.05,23,53,-2,0.3,Iwobi
Andreas Hoelgebaum Pereira,854,1,2,4,16,0,0,0,2,0,0,11,0.88,1.04,1.92,14.89,36,53,-2,0.7,Andreas
Tom Cairney,271,0,2,0,5,0,0,0,0,0,0,3,0.27,0.56,0.83,7.23,18,49,-1,0.0,Cairney
Ivan Neves Abreu Cavaleiro,0,0,0,0,0,0,0,0,0,0,0,0,0.00,0.00,0.00,0.00,0,50,0,0.0,I.Cavaleiro
Bobby De Cordova-Reid,608,2,1,1,15,0,0,0,1,0,0,8,2.55,0.28,2.83,11.69,32,54,-1,0.1,De Cordova-Reid
Tyrese Francois,0,0,0,0,0,0,0,0,0,0,0,0,0.00,0.00,0.00,0.00,0,44,-1,0.0,Francois
Anthony Knockaert,0,0,0,0,0,0,0,0,0,0,0,0,0.00,0.00,0.00,0.00,0,44,-1,0.0,Knockaert
Saša Lukić,352,0,0,1,7,0,0,0,1,0,0,4,0.64,0.07,0.71,10.89,12,44,-1,0.3,Lukić
João Palhinha Gonçalves,824,2,0,2,13,0,0,0,5,0,0,9,0.78,0.11,0.89,15.60,32,50,0,0.3,J.Palhinha
Harrison Reed,665,0,1,3,13,0,0,0,2,0,0,8,0.07,0.51,0.58,13.93,23,46,-4,0.4,Reed
Harry Wilson,694,0,2,3,11,0,0,0,2,0,0,7,0.85,1.21,2.06,16.67,26,53,-2,0.1,Wilson
Willian Borges da Silva,865,3,1,3,13,0,0,0,1,0,0,10,3.03,1.00,4.03,14.04,47,53,-2,0.4,Willian
Matthew Dibley-Dias,0,0,0,0,0,0,0,0,0,0,0,0,0.00,0.00,0.00,0.00,0,45,0,0.0,Dibley-Dias
Adama Traoré,40,0,0,0,3,0,0,0,0,0,0,0,0.12,0.03,0.15,3.36,4,49,-1,0.0,Adama
Luke Harris,74,0,0,0,5,0,0,0,0,0,0,0,0.28,0.01,0.29,2.26,2,45,0,0.0,Harris
Stefan Bajcetic,0,0,0,0,0,0,0,0,0,0,0,0,0.00,0.00,0.00,0.00,0,47,-3,0.0,Bajcetic
Diogo Teixeira da Silva,632,4,2,3,5,0,0,0,1,1,0,8,2.80,0.60,3.40,7.15,44,77,-3,1.4,Diogo J.
Harvey Elliott,259,0,2,0,2,0,0,0,1,0,0,1,0.32,1.05,1.37,3.84,16,48,-2,0.2,Elliott
Fabio Henrique Tavares,0,0,0,0,0,0,0,0,0,0,0,0,0.00,0.00,0.00,0.00,0,50,0,0.0,Fabinho
Jordan Henderson,0,0,0,0,0,0,0,0,0,0,0,0,0.00,0.00,0.00,0.00,0,50,0,0.0,Henderson
Curtis Jones,331,0,0,1,5,0,0,0,1,1,0,5,0.11,0.09,0.20,7.24,6,49,-1,0.0,Jones
Luis Díaz,674,3,1,2,7,0,0,0,0,0,0,8,2.81,1.10,3.91,9.56,40,74,-1,7.4,Luis Díaz
Alexis Mac Allister,964,0,1,3,10,0,0,0,5,1,0,12,0.15,1.08,1.23,14.11,21,58,-2,3.0,Mac Allister
Mohamed Salah,1134,10,5,4,10,0,0,1,1,0,0,13,8.74,3.50,12.24,14.73,106,131,6,49.6,Salah
Dominik Szoboszlai,1127,1,4,5,10,0,0,0,1,0,0,13,0.84,3.02,3.86,14.59,52,71,1,6.4,Szoboszlai
Thiago Alcántara do Nascimento,0,0,0,0,0,0,0,0,0,0,0,0,0.00,0.00,0.00,0.00,0,48,-2,0.1,Thiago
Bobby Clark,0,0,0,0,0,0,0,0,0,0,0,0,0.00,0.00,0.00,0.00,0,45,0,0.0,Clark
Ben Doak,13,0,0,0,0,0,0,0,0,0,0,0,0.00,0.00,0.00,0.14,1,44,-1,0.0,Doak
James McConnell,1,0,0,0,0,0,0,0,0,0,0,0,0.00,0.00,0.00,0.01,1,44,-1,0.0,McConnell
Wataru Endo,211,0,0,1,2,0,0,0,1,0,0,2,0.00,0.04,0.04,5.20,9,54,-1,0.1,Endo
Ryan Gravenberch,306,0,0,1,3,0,0,0,0,0,0,3,0.87,0.33,1.20,3.67,11,50,0,0.1,Gravenberch
Treymaurice Nyoni,0,0,0,0,0,0,0,0,0,0,0,0,0.00,0.00,0.00,0.00,0,45,0,0.0,Nyoni
Albert Sambi Lokonga,130,0,0,0,2,0,0,0,0,0,0,2,0.06,0.01,0.07,1.07,3,49,-1,0.0,Sambi
Marvelous Nakamba,1060,0,0,0,22,0,0,0,4,0,0,12,0.18,0.48,0.66,24.74,20,44,-1,1.3,Nakamba
Luke Berry,26,0,0,0,1,0,0,0,0,0,0,0,0.00,0.00,0.00,1.22,2,47,-3,0.0,Berry
Allan Campbell,0,0,0,0,0,0,0,0,0,0,0,0,0.00,0.00,0.00,0.00,0,49,-1,0.0,Campbell
Jordan Clark,76,0,0,0,2,0,0,0,1,0,0,0,0.00,0.07,0.07,3.45,2,48,-2,0.0,Clark
Luke Freeman,0,0,0,0,0,0,0,0,0,0,0,0,0.00,0.00,0.00,0.00,0,49,-1,0.0,Freeman
Carlos Mendes Gomes,0,0,0,0,0,0,0,0,0,0,0,0,0.00,0.00,0.00,0.00,0,45,0,0.0,Mendes
Fred Onyedinma,0,0,0,0,0,0,0,0,0,0,0,0,0.00,0.00,0.00,0.00,0,50,0,0.0,Onyedinma
Dion Pereira,0,0,0,0,0,0,0,0,0,0,0,0,0.00,0.00,0.00,0.00,0,44,-1,0.1,Pereira
Glen Rea,0,0,0,0,0,0,0,0,0,0,0,0,0.00,0.00,0.00,0.00,0,44,-1,0.0,Rea
Elliot Thorpe,0,0,0,0,0,0,0,0,0,0,0,0,0.00,0.00,0.00,0.00,0,45,0,0.0,Thorpe
Louie Watson,0,0,0,0,0,0,0,0,0,0,0,0,0.00,0.00,0.00,0.00,0,44,-1,0.1,Watson
Pelly Ruddock Mpanzu,621,0,0,1,11,0,0,0,0,0,0,7,0.44,1.34,1.78,14.99,20,47,-3,0.0,Mpanzu
Tahith Chong,644,1,0,0,16,0,0,0,3,0,0,6,0.87,0.25,1.12,17.38,20,48,-2,0.1,Chong
Ross Barkley,623,0,1,0,14,0,0,0,1,0,0,7,0.73,0.50,1.23,15.68,18,49,-1,0.1,Barkley
Andros Townsend,261,0,1,2,4,0,0,0,0,0,0,3,0.09,0.29,0.38,5.27,14,50,0,0.0,Townsend
Jayden Luker,0,0,0,0,0,0,0,0,0,0,0,0,0.00,0.00,0.00,0.00,0,45,0,0.0,Luker
Zack Nelson,0,0,0,0,0,0,0,0,0,0,0,0,0.00,0.00,0.00,0.00,0,45,0,0.0,Nelson
Bernardo Veiga de Carvalho e Silva,818,3,3,2,10,0,0,0,3,0,0,9,0.87,2.83,3.70,8.53,50,64,-1,3.1,Bernardo
Oscar Bobb,52,0,2,0,1,0,0,0,0,0,0,0,0.00,0.62,0.62,0.36,10,44,-1,0.1,Bobb
Shea Charles,0,0,0,0,0,0,0,0,0,0,0,0,0.00,0.00,0.00,0.00,0,45,0,0.0,Charles
Kevin De Bruyne,22,0,0,0,0,0,0,0,0,0,0,1,0.02,0.16,0.18,0.10,1,102,-3,1.6,De Bruyne
Phil Foden,1010,3,3,4,12,0,0,0,1,0,0,11,2.92,1.92,4.84,11.13,57,75,0,9.7,Foden
Jack Grealish,325,0,1,2,3,0,0,0,3,0,0,3,0.55,1.05,1.60,4.15,14,72,-3,1.6,Grealish
Mateo Kovačić,560,0,0,3,5,0,0,0,2,0,0,6,0.56,0.73,1.29,4.27,17,47,-3,0.4,Kovačić
Riyad Mahrez,0,0,0,0,0,0,0,0,0,0,0,0,0.00,0.00,0.00,0.00,0,75,0,0.0,Mahrez
Máximo Perrone,0,0,0,0,0,0,0,0,0,0,0,0,0.00,0.00,0.00,0.00,0,44,-1,0.0,Perrone
Kalvin Phillips,89,0,0,0,2,0,0,0,0,0,0,0,0.07,0.07,0.14,1.58,4,48,-2,0.0,Phillips
Rodrigo Hernandez,910,3,3,4,9,0,0,0,4,1,0,11,1.17,2.17,3.34,11.32,47,56,1,6.0,Rodrigo
Matheus Luiz Nunes,379,0,1,1,8,0,0,0,0,1,0,4,0.05,0.44,0.49,5.37,11,48,-2,0.1,Matheus N.
Jérémy Doku,642,2,5,0,10,0,0,0,2,0,0,8,0.68,2.52,3.20,6.22,48,68,3,9.5,Doku
Mason Mount,397,0,0,1,6,0,0,0,1,0,0,4,0.20,0.32,0.52,6.92,12,68,-2,0.9,Mount
Amad Diallo,0,0,0,0,0,0,0,0,0,0,0,0,0.00,0.00,0.00,0.00,0,44,-1,0.0,Amad
Antony Matheus dos Santos,515,0,0,2,5,0,0,0,3,0,0,6,0.97,0.80,1.77,8.32,15,68,-2,0.6,Antony
Bruno Borges Fernandes,1260,3,3,5,17,0,0,0,4,0,0,14,3.41,4.22,7.63,24.48,63,83,-2,14.5,B.Fernandes
Carlos Henrique Casimiro,648,1,0,2,11,0,0,0,1,0,0,8,1.91,0.41,2.32,10.94,21,54,-1,2.2,Casemiro
Christian Eriksen,603,1,1,1,12,0,0,0,0,0,0,6,0.43,0.88,1.31,12.70,29,58,-2,0.4,Eriksen
Frederico Rodrigues de Paula Santos,0,0,0,0,0,0,0,0,0,0,0,0,0.00,0.00,0.00,0.00,0,50,0,0.0,Fred
Alejandro Garnacho,560,1,0,4,5,0,0,0,1,0,0,6,1.27,0.33,1.60,11.45,26,47,-3,1.8,Garnacho
Hannibal Mejbri,122,1,0,1,1,0,0,0,1,0,0,1,0.03,0.48,0.51,3.19,9,44,-1,0.2,Hannibal
Kobbie Mainoo,150,0,0,1,1,0,0,0,0,0,0,2,0.00,0.03,0.03,4.23,5,44,-1,0.1,Mainoo
Scott McTominay,696,3,0,4,8,0,0,0,0,0,0,8,1.04,0.07,1.11,14.84,41,48,-2,1.3,McTominay
Facundo Pellistri Rebollo,128,0,1,0,1,0,0,0,0,0,0,1,0.39,0.26,0.65,3.29,10,44,-1,0.2,Pellistri
Marcus Rashford,1081,2,2,4,17,0,0,0,1,0,0,13,4.55,1.76,6.31,21.98,45,85,-5,12.3,Rashford
Jadon Sancho,76,0,0,0,1,0,0,0,0,0,0,0,0.00,0.07,0.07,1.86,3,67,-3,0.4,Sancho
Donny van de Beek,2,0,0,0,0,0,0,0,0,0,0,0,0.04,0.03,0.07,0.00,1,47,-3,0.0,Van de Beek
Omari Forson,0,0,0,0,0,0,0,0,0,0,0,0,0.00,0.00,0.00,0.00,0,44,-1,0.0,Forson
Daniel Gore,0,0,0,0,0,0,0,0,0,0,0,0,0.00,0.00,0.00,0.00,0,45,0,0.0,Gore
Sofyan Amrabat,340,0,0,0,4,0,0,0,2,0,0,4,0.05,0.18,0.23,5.83,8,50,0,0.1,Amrabat
Miguel Almirón Rejala,923,2,1,4,9,0,0,0,1,0,0,12,1.76,0.55,2.31,10.85,43,62,-3,4.2,Almirón
Elliot Anderson,407,0,1,3,5,0,0,0,0,0,0,4,0.78,0.31,1.09,4.57,19,43,-2,2.3,Anderson
Bruno Guimarães Rodriguez Moura,1132,1,1,6,12,0,0,0,5,0,0,13,1.31,1.29,2.60,11.16,37,58,-2,2.0,Bruno G.
Ryan Fraser,0,0,0,0,0,0,0,0,0,0,0,0,0.00,0.00,0.00,0.00,0,49,-1,0.0,Fraser
Anthony Gordon,1060,6,5,7,10,0,0,0,6,0,0,12,4.19,1.71,5.89,11.20,79,60,5,17.2,Gordon
Isaac Hayden,0,0,0,0,0,0,0,0,0,0,0,0,0.00,0.00,0.00,0.00,0,44,-1,0.0,Hayden
Jeff Hendrick,0,0,0,0,0,0,0,0,0,0,0,0,0.00,0.00,0.00,0.00,0,44,-1,0.0,Hendrick
Joelinton Cássio Apolinário de Lira,818,1,1,3,9,0,0,0,3,0,0,10,1.66,0.54,2.20,9.97,30,58,-2,0.6,Joelinton
Garang Kuol,0,0,0,0,0,0,0,0,0,0,0,0,0.00,0.00,0.00,0.00,0,45,0,0.0,Kuol
Sean Longstaff,808,2,2,5,10,0,0,0,4,0,0,8,1.55,0.69,2.24,10.21,37,49,-1,0.7,Longstaff
Jacob Murphy,119,1,3,1,1,0,0,0,0,0,0,1,0.10,0.66,0.76,1.61,24,48,-2,0.1,J.Murphy
Matt Ritchie,80,0,0,0,2,0,0,0,1,0,0,0,0.07,0.01,0.08,2.23,3,44,-1,0.2,Ritchie
Allan Saint-Maximin,0,0,0,0,0,0,0,0,0,0,0,0,0.00,0.00,0.00,0.00,0,60,0,0.0,Saint-Maximin
Sandro Tonali,437,1,0,1,5,0,0,0,2,0,0,5,0.62,0.47,1.09,6.66,16,52,-3,1.2,Tonali
Joe Willock,136,0,0,0,2,0,0,0,0,0,0,1,0.15,0.47,0.62,2.42,4,53,-2,0.1,Willock
Harvey Barnes,183,1,1,1,2,0,0,0,1,0,0,2,0.83,0.58,1.41,2.03,17,62,-3,1.0,Barnes
Lewis Miley,245,0,1,1,2,0,0,0,0,0,0,3,0.26,0.49,0.75,1.67,11,45,0,0.1,Miley
Amadou Diallo,1,0,0,0,0,0,0,0,0,0,0,0,0.00,0.00,0.00,0.00,1,45,0,0.0,Diallo
Andrey Nascimento dos Santos,7,0,0,0,0,0,0,0,0,0,0,0,0.06,0.00,0.06,0.02,1,43,-2,0.1,Andrey
Callum Hudson-Odoi,281,1,1,1,3,0,0,0,0,0,0,3,0.13,0.49,0.62,2.26,20,48,-2,0.1,Hudson-Odoi
Anthony Elanga,830,3,3,1,13,0,0,0,1,0,0,8,1.35,1.55,2.90,13.31,48,50,0,1.5,Elanga
Brandon Aguilera Zamora,0,0,0,0,0,0,0,0,0,0,0,0,0.00,0.00,0.00,0.00,0,45,0,0.0,B.Aguilera
Harry Arter,0,0,0,0,0,0,0,0,0,0,0,0,0.00,0.00,0.00,0.00,0,43,-2,0.1,Arter
Josh Bowler,0,0,0,0,0,0,0,0,0,0,0,0,0.00,0.00,0.00,0.00,0,45,0,0.0,Bowler
Danilo dos Santos de Oliveira,400,0,0,0,11,0,0,0,1,0,0,5,0.19,0.09,0.28,7.08,10,53,-2,0.1,Danilo
Remo Freuler,0,0,0,0,0,0,0,0,0,0,0,0,0.00,0.00,0.00,0.00,0,49,-1,0.0,Freuler
Morgan Gibbs-White,1191,1,4,3,21,0,0,0,3,0,0,13,2.57,2.43,5.00,19.56,47,57,-3,1.9,Gibbs-White
Cheikhou Kouyaté,71,0,0,0,3,0,0,0,1,0,0,0,0.07,0.03,0.10,3.51,6,48,-2,0.0,Kouyaté
Orel Mangala,1092,1,0,3,19,0,0,0,4,0,0,13,0.31,0.14,0.45,16.16,30,50,0,0.0,Mangala
Alex Mighten,0,0,0,0,0,0,0,0,0,0,0,0,0.00,0.00,0.00,0.00,0,44,-1,0.0,Mighten
Lewis O'Brien,0,0,0,0,0,0,0,0,0,0,0,0,0.00,0.00,0.00,0.00,0,49,-1,0.0,O'Brien
Braian Ojeda Rodríguez,0,0,0,0,0,0,0,0,0,0,0,0,0.00,0.00,0.00,0.00,0,45,0,0.0,Ojeda
Gustavo Henrique Furtado Scarpa,0,0,0,0,0,0,0,0,0,0,0,0,0.00,0.00,0.00,0.00,0,45,0,0.0,G.Scarpa
Jonjo Shelvey,0,0,0,0,0,0,0,0,0,0,0,0,0.00,0.00,0.00,0.00,0,48,-2,0.0,J.Shelvey
Ryan Yates,471,0,0,1,9,0,0,0,2,0,0,4,0.83,0.18,1.01,8.91,15,49,-1,0.0,Yates
Nicolás Domínguez,603,1,0,3,9,0,0,0,1,0,0,8,0.58,0.33,0.91,9.16,25,50,0,0.0,Dominguez
Ibrahim Sangaré,706,0,0,4,10,0,0,0,4,0,0,9,0.61,0.35,0.96,9.90,17,50,0,0.0,Sangaré
James McAtee,638,0,2,1,24,0,0,0,1,0,0,7,0.83,0.36,1.19,14.43,24,44,-1,0.9,McAtee
Ismaila Coulibaly,0,0,0,0,0,0,0,0,0,0,0,0,0.00,0.00,0.00,0.00,0,44,-1,0.0,Coulibaly
John Fleck,73,0,0,0,4,0,0,0,1,0,0,1,0.00,0.09,0.09,2.16,2,49,-1,0.0,Fleck
Oliver Norwood,1060,1,0,0,33,0,0,0,4,0,0,12,1.05,0.97,2.02,25.30,29,48,-2,0.1,Norwood
Ben Osborn,298,0,0,0,5,0,0,0,2,0,0,3,0.12,0.28,0.40,5.78,8,48,-2,0.0,Osborn
Anis Slimane,108,0,0,0,6,0,0,0,2,0,0,1,0.12,0.09,0.21,3.59,3,47,-3,0.0,Slimane
Vini de Souza Costa,973,0,0,0,31,0,0,0,2,0,0,12,0.16,0.09,0.25,24.88,21,50,0,0.0,Vini Souza
Andre Brooks,19,0,0,0,1,0,0,0,0,0,0,0,0.00,0.01,0.01,0.12,2,45,0,0.0,Brooks
Gustavo Hamer,1072,2,0,1,29,0,0,0,3,0,0,13,1.37,1.04,2.41,24.39,36,50,0,0.2,Hamer
Tom Davies,57,0,0,0,5,0,0,0,1,0,0,0,0.09,0.04,0.13,2.51,2,50,0,0.0,T.Davies
Ryan Oné,7,0,0,0,2,0,0,0,0,0,0,0,0.00,0.00,0.00,1.28,1,45,0,0.0,Oné
Brennan Johnson,542,1,1,1,10,0,0,0,1,0,0,7,1.99,0.59,2.58,9.11,25,58,-2,0.5,Johnson
Rodrigo Bentancur,88,0,0,0,6,0,0,0,1,0,0,1,0.63,0.29,0.92,4.00,3,54,-1,0.0,Bentancur
Yves Bissouma,888,0,0,4,12,0,0,0,5,1,0,11,0.69,1.04,1.73,17.08,17,50,0,0.4,Bissouma
Bryan Gil Salvatierra,86,0,0,0,5,0,0,0,0,0,0,1,0.09,0.04,0.13,2.34,4,49,-1,0.0,Bryan
Pierre-Emile Højbjerg,434,0,0,1,9,0,0,0,3,0,0,2,0.17,0.43,0.59,9.85,12,52,-3,0.3,Højbjerg
Dejan Kulusevski,1131,3,0,5,12,0,0,0,1,0,0,13,1.91,2.25,4.15,17.48,48,70,0,1.9,Kulusevski
Giovani Lo Celso,124,1,0,0,4,0,0,0,0,0,0,1,0.15,0.11,0.26,3.78,13,48,-2,0.1,Lo Celso
James Maddison,882,3,6,5,8,0,0,0,2,0,0,11,2.80,3.11,5.91,12.06,63,78,3,10.1,Maddison
Tanguy Ndombélé Alvaro,0,0,0,0,0,0,0,0,0,0,0,0,0.00,0.00,0.00,0.00,0,44,-1,0.2,Ndombele
Richarlison de Andrade,535,1,3,3,4,0,0,0,2,0,0,7,2.72,0.71,3.43,7.00,30,66,-4,1.0,Richarlison
Pape Matar Sarr,829,1,2,4,7,0,0,0,3,0,0,11,1.73,0.86,2.59,11.48,36,46,1,2.7,Sarr
Oliver Skipp,192,0,0,0,6,0,0,0,1,0,0,1,0.00,0.03,0.03,6.03,8,46,-4,0.1,Skipp
Son Heung-min,1066,8,1,4,16,0,0,0,0,0,0,13,4.68,2.67,7.35,18.35,84,96,6,36.1,Son
Manor Solomon,196,0,2,0,2,0,0,0,1,0,0,2,0.41,0.75,1.16,1.79,14,51,-4,0.1,Solomon
Saïd Benrahma,457,0,1,1,7,0,0,0,1,0,0,4,0.57,0.76,1.33,8.30,17,56,-4,0.4,Benrahma
Jarrod Bowen,1080,8,1,1,22,0,0,0,1,0,0,12,5.07,1.34,6.41,22.36,75,76,6,18.2,Bowen
Maxwel Cornet,1,0,0,0,0,0,0,0,0,0,0,0,0.00,0.00,0.00,0.00,1,52,-3,0.1,Cornet
Conor Coventry,0,0,0,0,0,0,0,0,0,0,0,0,0.00,0.00,0.00,0.00,0,44,-1,0.1,Coventry
Flynn Downes,0,0,0,0,0,0,0,0,0,0,0,0,0.00,0.00,0.00,0.00,0,50,0,0.0,Downes
Pablo Fornals Malla,168,0,0,0,4,0,0,0,0,0,0,1,0.29,0.14,0.43,3.31,9,47,-3,0.1,P.Fornals
Lucas Tolentino Coelho de Lima,1065,2,1,2,18,0,0,0,5,0,0,12,2.50,2.04,4.54,21.02,37,60,0,1.7,L.Paquetá
Tomáš Souček,895,4,1,1,17,0,0,0,2,0,0,11,3.68,0.49,4.17,19.43,48,49,-1,1.9,Souček
Nikola Vlašić,0,0,0,0,0,0,0,0,0,0,0,0,0.00,0.00,0.00,0.00,0,45,0,0.1,Vlašić
Edson Álvarez Velázquez,820,0,1,1,16,0,0,0,6,0,0,10,0.43,0.12,0.55,16.87,19,50,0,0.2,Álvarez
James Ward-Prowse,1052,2,5,1,22,0,0,0,1,0,0,12,2.04,3.52,5.56,22.09,56,62,2,11.0,Ward-Prowse
Mohammed Kudus,455,2,3,0,13,0,0,0,2,0,0,4,0.79,0.78,1.57,7.49,35,66,1,2.7,Kudus
Tommy Doyle,264,0,0,1,5,0,0,0,1,0,0,2,0.06,0.47,0.53,5.28,10,44,-1,0.1,Doyle
Francisco Jorge Tomás Oliveira,0,0,0,0,0,0,0,0,0,0,0,0,0.00,0.00,0.00,0.00,0,45,0,0.0,Chiquinho
Luke Cundle,0,0,0,0,0,0,0,0,0,0,0,0,0.00,0.00,0.00,0.00,0,45,0,0.0,Cundle
Gonçalo Manuel Ganchinho Guedes,0,0,0,0,0,0,0,0,0,0,0,0,0.00,0.00,0.00,0.00,0,54,-1,0.0,Guedes
Joe Hodge,0,0,0,0,0,0,0,0,0,0,0,0,0.00,0.00,0.00,0.00,0,44,-1,0.1,Hodge
Hwang Hee-chan,951,7,2,0,17,0,0,0,4,0,0,11,3.72,1.77,5.49,16.90,64,56,1,5.8,Hee Chan
João Victor Gomes da Silva,849,0,1,1,18,0,0,0,5,0,0,11,0.27,0.37,0.64,16.63,20,49,-1,0.1,João Gomes
Bruno Cavaco Jordão,0,0,0,0,0,0,0,0,0,0,0,0,0.00,0.00,0.00,0.00,0,44,-1,0.2,Jordão
Mario Lemina,1062,2,0,1,20,0,0,0,5,1,0,12,2.23,0.34,2.57,20.87,32,49,-1,0.1,Lemina
Pedro Lomba Neto,886,1,8,1,17,0,0,0,3,0,0,10,2.11,2.61,4.72,16.86,52,56,1,2.1,Neto
Daniel Castelo Podence,0,0,0,0,0,0,0,0,0,0,0,0,0.00,0.00,0.00,0.00,0,53,-2,0.0,Podence
Pablo Sarabia,217,1,2,1,1,0,0,0,1,0,0,2,0.75,1.09,1.84,3.84,21,47,-3,0.2,Sarabia
Boubacar Traoré,344,0,0,0,11,0,0,0,1,0,0,3,0.04,0.16,0.20,9.08,10,44,-1,0.4,Boubacar Traore
Enso González,0,0,0,0,0,0,0,0,0,0,0,0,0.00,0.00,0.00,0.00,0,50,0,0.0,González
Jean-Ricner Bellegarde,338,1,1,0,9,0,0,0,0,1,0,5,0.21,0.27,0.48,10.51,16,49,-1,0.0,Bellegarde
Matthew Whittingham,0,0,0,0,0,0,0,0,0,0,0,0,0.00,0.00,0.00,0.00,0,45,0,0.0,Whittingham
Tawanda Chirewa,0,0,0,0,0,0,0,0,0,0,0,0,0.00,0.00,0.00,0.00,0,45,0,0.0,Chirewa
Aaron Ramsdale,450,0,0,2,4,0,0,0,0,0,6,5,0.00,0.01,0.01,4.84,17,47,-3,7.5,Ramsdale
Rúnar Alex Rúnarsson,0,0,0,0,0,0,0,0,0,0,0,0,0.00,0.00,0.00,0.00,0,40,0,0.1,Rúnarsson
David Raya Martin,810,0,0,4,7,0,0,0,0,0,14,9,0.00,0.01,0.01,6.53,37,49,-1,5.0,Raya
Karl Hein,0,0,0,0,0,0,0,0,0,0,0,0,0.00,0.00,0.00,0.00,0,40,0,0.1,Hein
Emiliano Martínez Romero,1080,0,0,2,17,1,0,0,2,0,36,12,0.00,0.00,0.00,17.30,34,49,-1,7.3,Martinez
Robin Olsen,90,0,0,0,1,0,0,0,0,0,1,1,0.00,0.00,0.00,0.73,2,40,0,0.7,Olsen
Viljami Sinisalo,0,0,0,0,0,0,0,0,0,0,0,0,0.00,0.00,0.00,0.00,0,40,0,0.0,Sinisalo
Filip Marschall,0,0,0,0,0,0,0,0,0,0,0,0,0.00,0.00,0.00,0.00,0,40,0,0.0,Marschall
Oliwier Zych,0,0,0,0,0,0,0,0,0,0,0,0,0.00,0.00,0.00,0.00,0,40,0,0.1,Zych
Norberto Murara Neto,990,0,0,2,21,0,1,0,3,0,46,11,0.00,0.01,0.01,22.64,41,45,0,1.3,Neto
Darren Randolph,0,0,0,0,0,0,0,0,0,0,0,0,0.00,0.00,0.00,0.00,0,40,0,0.4,Randolph
Mark Travers,0,0,0,0,0,0,0,0,0,0,0,0,0.00,0.00,0.00,0.00,0,40,0,0.1,Travers
Ionuț Radu,180,0,0,0,7,0,0,0,0,0,5,2,0.00,0.00,0.00,2.76,2,44,-1,0.1,Radu
Ellery Balcombe,0,0,0,0,0,0,0,0,0,0,0,0,0.00,0.00,0.00,0.00,0,39,-1,0.2,Balcombe
Matthew Cox,0,0,0,0,0,0,0,0,0,0,0,0,0.00,0.00,0.00,0.00,0,40,0,0.0,Cox
Mark Flekken,1125,0,0,3,17,0,0,0,1,0,31,13,0.00,0.06,0.06,16.57,39,45,0,3.2,Flekken
Thomas Strakosha,135,0,0,0,2,0,0,0,0,0,6,1,0.00,0.01,0.01,1.68,4,39,-1,2.5,Strakosha
Vincent Angelini,0,0,0,0,0,0,0,0,0,0,0,0,0.00,0.00,0.00,0.00,0,40,0,0.0,Angelini
Tom McGill,0,0,0,0,0,0,0,0,0,0,0,0,0.00,0.00,0.00,0.00,0,39,-1,0.3,McGill
Kjell Scherpen,0,0,0,0,0,0,0,0,0,0,0,0,0.00,0.00,0.00,0.00,0,40,0,0.0,Scherpen
Jason Steele,630,0,0,0,13,0,0,0,0,0,21,7,0.00,0.00,0.00,8.83,15,43,-2,2.3,Steele
Bart Verbruggen,540,0,0,0,10,0,0,0,1,0,16,6,0.00,0.00,0.00,10.89,13,44,-1,0.4,Verbruggen
Denis Franchi,0,0,0,0,0,0,0,0,0,0,0,0,0.00,0.00,0.00,0.00,0,39,-1,0.2,Franchi
Arijanet Muric,0,0,0,0,0,0,0,0,0,0,0,0,0.00,0.00,0.00,0.00,0,43,-2,0.1,Muric
Bailey Peacock-Farrell,0,0,0,0,0,0,0,0,0,0,0,0,0.00,0.00,0.00,0.00,0,40,0,0.0,Peacock-Farrell
Lawrence Vigouroux,0,0,0,0,0,0,0,0,0,0,0,0,0.00,0.00,0.00,0.00,0,39,-1,0.2,Vigouroux
James Trafford,1260,0,0,1,32,0,0,0,1,0,47,14,0.00,0.00,0.00,23.79,31,45,0,0.9,Trafford
Robert Sánchez,1170,0,0,3,20,0,0,0,1,0,36,13,0.00,0.00,0.00,17.62,43,46,1,6.3,Sanchez
Kepa Arrizabalaga,0,0,0,0,0,0,0,0,0,0,0,0,0.00,0.00,0.00,0.00,0,50,0,0.2,Arrizabalaga
Marcus Bettinelli,0,0,0,0,0,0,0,0,0,0,0,0,0.00,0.00,0.00,0.00,0,40,0,0.0,Bettinelli
Gabriel Słonina,0,0,0,0,0,0,0,0,0,0,0,0,0.00,0.00,0.00,0.00,0,40,0,0.0,Slonina
Lucas Bergström,0,0,0,0,0,0,0,0,0,0,0,0,0.00,0.00,0.00,0.00,0,40,0,0.0,Bergström
Eddie Beach,0,0,0,0,0,0,0,0,0,0,0,0,0.00,0.00,0.00,0.00,0,40,0,0.0,Beach
Djordje Petrovic,0,0,0,0,0,0,0,0,0,0,0,0,0.00,0.00,0.00,0.00,0,45,0,0.0,Petrovic
Vicente Guaita,0,0,0,0,0,0,0,0,0,0,0,0,0.00,0.00,0.00,0.00,0,44,-1,0.2,Guaita
Sam Johnstone,1170,0,0,5,18,0,0,0,0,0,30,13,0.00,0.00,0.00,18.53,51,47,2,6.2,Johnstone
Remi Matthews,0,0,0,0,0,0,0,0,0,0,0,0,0.00,0.00,0.00,0.00,0,39,-1,0.1,Matthews
Joe Whitworth,0,0,0,0,0,0,0,0,0,0,0,0,0.00,0.00,0.00,0.00,0,40,0,1.0,Whitworth
Dean Henderson,0,0,0,0,0,0,0,0,0,0,0,0,0.00,0.00,0.00,0.00,0,44,-1,0.2,Henderson
Jordan Pickford,1260,0,0,3,20,1,0,0,2,0,33,14,0.00,0.13,0.13,19.24,39,44,-1,7.3,Pickford
João Neves Virgínia,0,0,0,0,0,0,0,0,0,0,0,0,0.00,0.00,0.00,0.00,0,39,-1,0.6,J.Virginia
Andy Lonergan,0,0,0,0,0,0,0,0,0,0,0,0,0.00,0.00,0.00,0.00,0,39,-1,0.1,Lonergan
Bernd Leno,1170,0,0,3,22,0,0,0,0,0,51,13,0.00,0.00,0.00,23.93,50,47,2,14.3,Leno
Marek Rodák,0,0,0,0,0,0,0,0,1,0,0,0,0.00,0.00,0.00,0.00,-1,39,-1,0.4,Rodák
Steven Benda,0,0,0,0,0,0,0,0,0,0,0,0,0.00,0.00,0.00,0.00,0,40,0,0.0,Benda
Adrián San Miguel del Castillo,0,0,0,0,0,0,0,0,0,0,0,0,0.00,0.00,0.00,0.00,0,40,0,0.3,Adrián
Alisson Ramses Becker,1170,0,0,4,11,0,0,0,1,0,44,13,0.00,0.00,0.00,15.68,59,56,1,11.3,A.Becker
Caoimhin Kelleher,0,0,0,0,0,0,0,0,0,0,0,0,0.00,0.00,0.00,0.00,0,39,-1,1.5,Kelleher
Matt Macey,0,0,0,0,0,0,0,0,0,0,0,0,0.00,0.00,0.00,0.00,0,40,0,0.2,Macey
James Shea,0,0,0,0,0,0,0,0,0,0,0,0,0.00,0.00,0.00,0.00,0,43,-2,0.1,Shea
Jack Walton,0,0,0,0,0,0,0,0,0,0,0,0,0.00,0.00,0.00,0.00,0,40,0,0.0,Walton
Thomas Kaminski,1260,0,0,0,26,0,0,0,3,0,53,14,0.00,0.02,0.02,30.42,31,45,0,0.3,Kaminski
Tim Krul,0,0,0,0,0,0,0,0,0,0,0,0,0.00,0.00,0.00,0.00,0,44,-1,0.0,Krul
Scott Carson,0,0,0,0,0,0,0,0,0,0,0,0,0.00,0.00,0.00,0.00,0,39,-1,0.1,Carson
Ederson Santana de Moraes,1080,0,0,4,12,0,0,0,2,0,21,12,0.00,0.02,0.02,10.91,39,55,0,16.3,Ederson M.
Stefan Ortega Moreno,90,0,0,0,1,0,0,0,0,0,2,1,0.00,0.00,0.00,0.83,2,39,-1,0.8,Ortega Moreno
Zack Steffen,0,0,0,0,0,0,0,0,0,0,0,0,0.00,0.00,0.00,0.00,0,39,-1,0.2,Steffen
Tom Heaton,0,0,0,0,0,0,0,0,0,0,0,0,0.00,0.00,0.00,0.00,0,40,0,0.1,Heaton
André Onana,1260,0,0,5,17,0,0,0,3,0,54,14,0.00,0.01,0.01,24.48,55,48,-2,14.8,Onana
Radek Vítek,0,0,0,0,0,0,0,0,0,0,0,0,0.00,0.00,0.00,0.00,0,40,0,0.0,Vítek
Altay Bayindir,0,0,0,0,0,0,0,0,0,0,0,0,0.00,0.00,0.00,0.00,0,40,0,0.0,Altay
